iso3,country,region,mode_id,values
AFG,Afghanistan,Asia,A01a,1
AFG,Afghanistan,Asia,A01b,2
AFG,Afghanistan,Asia,A03b,1
AFG,Afghanistan,Asia,A05,2
AFG,Afghanistan,Asia,A06,1
AFG,Afghanistan,Asia,A06a,2
AFG,Afghanistan,Asia,A06e,1
AFG,Afghanistan,Asia,A08,7
AFG,Afghanistan,Asia,A14,2
AFG,Afghanistan,Asia,A16,1
AFG,Afghanistan,Asia,A23,1
AGO,Angola,Africa,A01a,1
AGO,Angola,Africa,A01b,1
AGO,Angola,Africa,A03a,2
AGO,Angola,Africa,A03b,1
AGO,Angola,Africa,A06,1
AGO,Angola,Africa,A06a,3
AGO,Angola,Africa,A06c,3
AGO,Angola,Africa,A06d,2
AGO,Angola,Africa,A06e,1
AGO,Angola,Africa,A06f,1
AGO,Angola,Africa,A08,1
AGO,Angola,Africa,A10,2
AGO,Angola,Africa,A14,2
AGO,Angola,Africa,A16,2
AGO,Angola,Africa,A24,1
ALB,Albania,Europe,A01a,1
ALB,Albania,Europe,A01b,1
ALB,Albania,Europe,A02a,2
ALB,Albania,Europe,A03a,1
ALB,Albania,Europe,A06,1
ALB,Albania,Europe,A06a,2
ALB,Albania,Europe,A06c,2
ALB,Albania,Europe,A06e,2
ALB,Albania,Europe,A06f,1
ALB,Albania,Europe,A08,2
ALB,Albania,Europe,A10,2
ALB,Albania,Europe,A12a,1
ALB,Albania,Europe,A14,2
ALB,Albania,Europe,A19,1
ALB,Albania,Europe,A23,1
ALB,Albania,Europe,A24,1
ALB,Albania,Europe,A26,1
ARE,United Arab Emirates,Asia,A01a,4
ARE,United Arab Emirates,Asia,A01b,4
ARE,United Arab Emirates,Asia,A03a,1
ARE,United Arab Emirates,Asia,A06,1
ARE,United Arab Emirates,Asia,A06a,4
ARE,United Arab Emirates,Asia,A06b,3
ARE,United Arab Emirates,Asia,A06c,2
ARE,United Arab Emirates,Asia,A06e,2
ARE,United Arab Emirates,Asia,A06f,1
ARE,United Arab Emirates,Asia,A08,4
ARE,United Arab Emirates,Asia,A13,3
ARE,United Arab Emirates,Asia,A14,2
ARE,United Arab Emirates,Asia,A16,2
ARE,United Arab Emirates,Asia,A18,2
ARE,United Arab Emirates,Asia,A24,1
ARG,Argentina,Americas,A01b,6
ARG,Argentina,Americas,A02a,1
ARG,Argentina,Americas,A06,1
ARG,Argentina,Americas,A06a,1
ARG,Argentina,Americas,A06e,1
ARG,Argentina,Americas,A06f,1
ARG,Argentina,Americas,A08,1
ARG,Argentina,Americas,A09,1
ARG,Argentina,Americas,A12a,1
ARG,Argentina,Americas,A16,2
ARG,Argentina,Americas,A24,1
ARG,Argentina,Americas,A25,1
ARM,Armenia,Asia,A01a,2
ARM,Armenia,Asia,A01b,2
ARM,Armenia,Asia,A03a,1
ARM,Armenia,Asia,A03b,1
ARM,Armenia,Asia,A06,1
ARM,Armenia,Asia,A06a,1
ARM,Armenia,Asia,A06c,2
ARM,Armenia,Asia,A06d,1
ARM,Armenia,Asia,A06e,3
ARM,Armenia,Asia,A08,2
ARM,Armenia,Asia,A09,1
ARM,Armenia,Asia,A10,2
ARM,Armenia,Asia,A11,2
ARM,Armenia,Asia,A12a,1
ARM,Armenia,Asia,A14,2
ARM,Armenia,Asia,A16,2
ARM,Armenia,Asia,A18,1
ARM,Armenia,Asia,A19,1
ARM,Armenia,Asia,A20,1
ARM,Armenia,Asia,A22,1
ARM,Armenia,Asia,A24,1
ATG,Antigua and Barbuda,Americas,A01b,6
ATG,Antigua and Barbuda,Americas,A02a,1
ATG,Antigua and Barbuda,Americas,A03a,2
ATG,Antigua and Barbuda,Americas,A03b,1
ATG,Antigua and Barbuda,Americas,A04,1
ATG,Antigua and Barbuda,Americas,A06,1
ATG,Antigua and Barbuda,Americas,A06a,3
ATG,Antigua and Barbuda,Americas,A06e,3
ATG,Antigua and Barbuda,Americas,A08,2
ATG,Antigua and Barbuda,Americas,A10,2
ATG,Antigua and Barbuda,Americas,A11,1
ATG,Antigua and Barbuda,Americas,A12b,1
ATG,Antigua and Barbuda,Americas,A13,1
ATG,Antigua and Barbuda,Americas,A14,2
ATG,Antigua and Barbuda,Americas,A16,2
ATG,Antigua and Barbuda,Americas,A18,2
ATG,Antigua and Barbuda,Americas,A24,1
ATG,Antigua and Barbuda,Americas,A25,1
AUS,Australia,Oceania,A01a,1
AUS,Australia,Oceania,A01b,6
AUS,Australia,Oceania,A02a,2
AUS,Australia,Oceania,A03a,1
AUS,Australia,Oceania,A03b,1
AUS,Australia,Oceania,A05,1
AUS,Australia,Oceania,A06,1
AUS,Australia,Oceania,A06a,1
AUS,Australia,Oceania,A06c,3
AUS,Australia,Oceania,A06d,2
AUS,Australia,Oceania,A06e,3
AUS,Australia,Oceania,A10,1
AUS,Australia,Oceania,A12a,1
AUS,Australia,Oceania,A12b,2
AUS,Australia,Oceania,A16,2
AUS,Australia,Oceania,A18,1
AUS,Australia,Oceania,A24,1
AUS,Australia,Oceania,A25,2
AUT,Austria,Europe,A01a,1
AUT,Austria,Europe,A01b,1
AUT,Austria,Europe,A03a,2
AUT,Austria,Europe,A03b,2
AUT,Austria,Europe,A04,2
AUT,Austria,Europe,A05,1
AUT,Austria,Europe,A06,1
AUT,Austria,Europe,A06a,3
AUT,Austria,Europe,A06b,3
AUT,Austria,Europe,A06c,3
AUT,Austria,Europe,A06d,2
AUT,Austria,Europe,A06e,2
AUT,Austria,Europe,A06f,1
AUT,Austria,Europe,A08,2
AUT,Austria,Europe,A10,1
AUT,Austria,Europe,A12b,2
AUT,Austria,Europe,A13,2
AUT,Austria,Europe,A14,2
AUT,Austria,Europe,A16,2
AUT,Austria,Europe,A18,2
AUT,Austria,Europe,A20,1
AUT,Austria,Europe,A21,1
AUT,Austria,Europe,A22,1
AUT,Austria,Europe,A23,2
AUT,Austria,Europe,A24,1
AUT,Austria,Europe,A26,1
AZE,Azerbaijan,Asia,A01a,1
AZE,Azerbaijan,Asia,A01b,1
AZE,Azerbaijan,Asia,A03a,1
AZE,Azerbaijan,Asia,A03b,3
AZE,Azerbaijan,Asia,A06,1
AZE,Azerbaijan,Asia,A06a,2
AZE,Azerbaijan,Asia,A06c,3
AZE,Azerbaijan,Asia,A06d,1
AZE,Azerbaijan,Asia,A06e,1
AZE,Azerbaijan,Asia,A06f,1
AZE,Azerbaijan,Asia,A10,2
AZE,Azerbaijan,Asia,A14,2
AZE,Azerbaijan,Asia,A16,1
AZE,Azerbaijan,Asia,A22,1
AZE,Azerbaijan,Asia,A23,1
AZE,Azerbaijan,Asia,A24,1
AZE,Azerbaijan,Asia,A25,1
BDI,Burundi,Africa,A01a,1
BDI,Burundi,Africa,A01b,1
BDI,Burundi,Africa,A03a,1
BDI,Burundi,Africa,A04,2
BDI,Burundi,Africa,A06,1
BDI,Burundi,Africa,A06a,3
BDI,Burundi,Africa,A06c,1
BDI,Burundi,Africa,A06d,1
BDI,Burundi,Africa,A06e,2
BDI,Burundi,Africa,A08,6
BDI,Burundi,Africa,A10,1
BDI,Burundi,Africa,A12b,2
BDI,Burundi,Africa,A14,2
BDI,Burundi,Africa,A16,2
BDI,Burundi,Africa,A24,1
BEL,Belgium,Europe,A01a,1
BEL,Belgium,Europe,A01b,1
BEL,Belgium,Europe,A02a,2
BEL,Belgium,Europe,A02b,3
BEL,Belgium,Europe,A03a,1
BEL,Belgium,Europe,A03b,1
BEL,Belgium,Europe,A04,1
BEL,Belgium,Europe,A05,1
BEL,Belgium,Europe,A06,1
BEL,Belgium,Europe,A06a,2
BEL,Belgium,Europe,A06c,3
BEL,Belgium,Europe,A06d,2
BEL,Belgium,Europe,A06e,1
BEL,Belgium,Europe,A08,2
BEL,Belgium,Europe,A10,1
BEL,Belgium,Europe,A11,2
BEL,Belgium,Europe,A12b,2
BEL,Belgium,Europe,A14,2
BEL,Belgium,Europe,A16,2
BEL,Belgium,Europe,A21,1
BEL,Belgium,Europe,A23,1
BEL,Belgium,Europe,A24,1
BEN,Benin,Africa,A01a,1
BEN,Benin,Africa,A01b,1
BEN,Benin,Africa,A02b,1
BEN,Benin,Africa,A03a,2
BEN,Benin,Africa,A03b,3
BEN,Benin,Africa,A05,1
BEN,Benin,Africa,A06,1
BEN,Benin,Africa,A06a,3
BEN,Benin,Africa,A06c,3
BEN,Benin,Africa,A06d,1
BEN,Benin,Africa,A06e,2
BEN,Benin,Africa,A06f,1
BEN,Benin,Africa,A08,3
BEN,Benin,Africa,A09,2
BEN,Benin,Africa,A10,1
BEN,Benin,Africa,A13,3
BEN,Benin,Africa,A14,2
BEN,Benin,Africa,A16,2
BEN,Benin,Africa,A20,1
BEN,Benin,Africa,A24,1
BFA,Burkina Faso,Africa,A01a,1
BFA,Burkina Faso,Africa,A01b,1
BFA,Burkina Faso,Africa,A02b,1
BFA,Burkina Faso,Africa,A03a,1
BFA,Burkina Faso,Africa,A03b,1
BFA,Burkina Faso,Africa,A05,2
BFA,Burkina Faso,Africa,A06,1
BFA,Burkina Faso,Africa,A06a,3
BFA,Burkina Faso,Africa,A06e,2
BFA,Burkina Faso,Africa,A08,1
BFA,Burkina Faso,Africa,A09,2
BFA,Burkina Faso,Africa,A10,1
BFA,Burkina Faso,Africa,A13,3
BFA,Burkina Faso,Africa,A14,2
BFA,Burkina Faso,Africa,A16,2
BFA,Burkina Faso,Africa,A24,1
BFA,Burkina Faso,Africa,A26,1
BGD,Bangladesh,Asia,A01a,1
BGD,Bangladesh,Asia,A01b,1
BGD,Bangladesh,Asia,A02a,1
BGD,Bangladesh,Asia,A06,1
BGD,Bangladesh,Asia,A06a,2
BGD,Bangladesh,Asia,A06b,3
BGD,Bangladesh,Asia,A06e,3
BGD,Bangladesh,Asia,A08,4
BGD,Bangladesh,Asia,A12b,3
BGD,Bangladesh,Asia,A13,3
BGD,Bangladesh,Asia,A14,2
BGD,Bangladesh,Asia,A16,1
BGD,Bangladesh,Asia,A18,1
BGR,Bulgaria,Europe,A01a,1
BGR,Bulgaria,Europe,A01b,1
BGR,Bulgaria,Europe,A03a,1
BGR,Bulgaria,Europe,A03b,1
BGR,Bulgaria,Europe,A04,1
BGR,Bulgaria,Europe,A05,2
BGR,Bulgaria,Europe,A06,1
BGR,Bulgaria,Europe,A06a,2
BGR,Bulgaria,Europe,A06b,2
BGR,Bulgaria,Europe,A06c,2
BGR,Bulgaria,Europe,A06e,2
BGR,Bulgaria,Europe,A06f,1
BGR,Bulgaria,Europe,A08,2
BGR,Bulgaria,Europe,A10,1
BGR,Bulgaria,Europe,A12b,2
BGR,Bulgaria,Europe,A14,2
BGR,Bulgaria,Europe,A16,1
BGR,Bulgaria,Europe,A19,1
BGR,Bulgaria,Europe,A22,1
BGR,Bulgaria,Europe,A23,1
BGR,Bulgaria,Europe,A24,1
BGR,Bulgaria,Europe,A26,1
BHR,Bahrain,Asia,A01a,4
BHR,Bahrain,Asia,A01b,4
BHR,Bahrain,Asia,A03a,1
BHR,Bahrain,Asia,A06,1
BHR,Bahrain,Asia,A06a,3
BHR,Bahrain,Asia,A06c,2
BHR,Bahrain,Asia,A06e,3
BHR,Bahrain,Asia,A06f,1
BHR,Bahrain,Asia,A08,7
BHR,Bahrain,Asia,A09,2
BHR,Bahrain,Asia,A13,3
BHR,Bahrain,Asia,A14,2
BHR,Bahrain,Asia,A16,1
BHR,Bahrain,Asia,A19,1
BHR,Bahrain,Asia,A24,1
BHS,Bahamas,Americas,A01a,3
BHS,Bahamas,Americas,A01b,4
BHS,Bahamas,Americas,A04,1
BHS,Bahamas,Americas,A05,2
BHS,Bahamas,Americas,A06,1
BHS,Bahamas,Americas,A06a,3
BHS,Bahamas,Americas,A06b,3
BHS,Bahamas,Americas,A06c,2
BHS,Bahamas,Americas,A06d,1
BHS,Bahamas,Americas,A06e,3
BHS,Bahamas,Americas,A08,3
BHS,Bahamas,Americas,A09,2
BHS,Bahamas,Americas,A10,2
BHS,Bahamas,Americas,A12b,2
BHS,Bahamas,Americas,A13,3
BHS,Bahamas,Americas,A18,1
BIH,Bosnia and Herzegovina,Europe,A01a,1
BIH,Bosnia and Herzegovina,Europe,A01b,1
BIH,Bosnia and Herzegovina,Europe,A03a,1
BIH,Bosnia and Herzegovina,Europe,A03b,1
BIH,Bosnia and Herzegovina,Europe,A06,1
BIH,Bosnia and Herzegovina,Europe,A06a,1
BIH,Bosnia and Herzegovina,Europe,A06b,2
BIH,Bosnia and Herzegovina,Europe,A06c,2
BIH,Bosnia and Herzegovina,Europe,A06d,1
BIH,Bosnia and Herzegovina,Europe,A06e,1
BIH,Bosnia and Herzegovina,Europe,A06f,1
BIH,Bosnia and Herzegovina,Europe,A08,2
BIH,Bosnia and Herzegovina,Europe,A09,2
BIH,Bosnia and Herzegovina,Europe,A10,2
BIH,Bosnia and Herzegovina,Europe,A16,2
BIH,Bosnia and Herzegovina,Europe,A19,1
BIH,Bosnia and Herzegovina,Europe,A22,1
BIH,Bosnia and Herzegovina,Europe,A23,1
BIH,Bosnia and Herzegovina,Europe,A24,1
BLR,Belarus,Europe,A01a,1
BLR,Belarus,Europe,A01b,1
BLR,Belarus,Europe,A03a,1
BLR,Belarus,Europe,A03b,1
BLR,Belarus,Europe,A06,1
BLR,Belarus,Europe,A06a,3
BLR,Belarus,Europe,A06b,3
BLR,Belarus,Europe,A06c,2
BLR,Belarus,Europe,A06d,1
BLR,Belarus,Europe,A06e,1
BLR,Belarus,Europe,A06f,1
BLR,Belarus,Europe,A07,2
BLR,Belarus,Europe,A09,2
BLR,Belarus,Europe,A10,2
BLR,Belarus,Europe,A14,2
BLR,Belarus,Europe,A16,1
BLR,Belarus,Europe,A18,2
BLR,Belarus,Europe,A19,1
BLR,Belarus,Europe,A21,1
BLR,Belarus,Europe,A24,1
BLZ,Belize,Americas,A01b,1
BLZ,Belize,Americas,A02a,1
BLZ,Belize,Americas,A03a,2
BLZ,Belize,Americas,A06,1
BLZ,Belize,Americas,A06a,2
BLZ,Belize,Americas,A06e,2
BLZ,Belize,Americas,A06f,1
BLZ,Belize,Americas,A08,2
BLZ,Belize,Americas,A12b,1
BLZ,Belize,Americas,A13,1
BLZ,Belize,Americas,A14,1
BLZ,Belize,Americas,A16,1
BOL,Bolivia,Americas,A01b,1
BOL,Bolivia,Americas,A02a,1
BOL,Bolivia,Americas,A06,1
BOL,Bolivia,Americas,A06a,1
BOL,Bolivia,Americas,A06d,2
BOL,Bolivia,Americas,A06e,1
BOL,Bolivia,Americas,A08,2
BOL,Bolivia,Americas,A09,1
BOL,Bolivia,Americas,A11,1
BOL,Bolivia,Americas,A16,2
BOL,Bolivia,Americas,A24,1
BOL,Bolivia,Americas,A25,2
BRA,Brazil,Americas,A01b,6
BRA,Brazil,Americas,A02a,1
BRA,Brazil,Americas,A06,1
BRA,Brazil,Americas,A06a,1
BRA,Brazil,Americas,A06c,2
BRA,Brazil,Americas,A06e,1
BRA,Brazil,Americas,A07,2
BRA,Brazil,Americas,A08,2
BRA,Brazil,Americas,A10,1
BRA,Brazil,Americas,A11,2
BRA,Brazil,Americas,A13,2
BRA,Brazil,Americas,A16,2
BRA,Brazil,Americas,A18,2
BRA,Brazil,Americas,A21,1
BRA,Brazil,Americas,A24,1
BRA,Brazil,Americas,A25,3
BRB,Barbados,Americas,A01b,6
BRB,Barbados,Americas,A02a,1
BRB,Barbados,Americas,A03a,2
BRB,Barbados,Americas,A03b,1
BRB,Barbados,Americas,A04,2
BRB,Barbados,Americas,A06,1
BRB,Barbados,Americas,A06a,3
BRB,Barbados,Americas,A06e,3
BRB,Barbados,Americas,A08,3
BRB,Barbados,Americas,A10,2
BRB,Barbados,Americas,A12b,1
BRB,Barbados,Americas,A13,3
BRB,Barbados,Americas,A14,2
BRB,Barbados,Americas,A18,2
BRB,Barbados,Americas,A23,2
BRB,Barbados,Americas,A25,1
BRN,Brunei,Asia,A01a,5
BRN,Brunei,Asia,A01b,5
BRN,Brunei,Asia,A02a,3
BRN,Brunei,Asia,A02b,4
BRN,Brunei,Asia,A05,2
BRN,Brunei,Asia,A06,1
BRN,Brunei,Asia,A06a,4
BRN,Brunei,Asia,A06c,2
BRN,Brunei,Asia,A06e,3
BRN,Brunei,Asia,A06f,1
BRN,Brunei,Asia,A08,3
BRN,Brunei,Asia,A16,2
BTN,Bhutan,Asia,A01a,2
BTN,Bhutan,Asia,A01b,2
BTN,Bhutan,Asia,A06,1
BTN,Bhutan,Asia,A06a,4
BTN,Bhutan,Asia,A06c,2
BTN,Bhutan,Asia,A06d,1
BTN,Bhutan,Asia,A06e,2
BTN,Bhutan,Asia,A09,1
BTN,Bhutan,Asia,A25,3
BWA,Botswana,Africa,A01a,1
BWA,Botswana,Africa,A01b,1
BWA,Botswana,Africa,A06,1
BWA,Botswana,Africa,A06a,3
BWA,Botswana,Africa,A06c,2
BWA,Botswana,Africa,A06e,3
BWA,Botswana,Africa,A08,2
BWA,Botswana,Africa,A09,2
BWA,Botswana,Africa,A10,2
BWA,Botswana,Africa,A16,2
CAF,Central African Republic,Africa,A01a,1
CAF,Central African Republic,Africa,A01b,1
CAF,Central African Republic,Africa,A03a,1
CAF,Central African Republic,Africa,A04,1
CAF,Central African Republic,Africa,A05,1
CAF,Central African Republic,Africa,A06,1
CAF,Central African Republic,Africa,A06a,2
CAF,Central African Republic,Africa,A07,2
CAF,Central African Republic,Africa,A08,3
CAF,Central African Republic,Africa,A09,2
CAF,Central African Republic,Africa,A10,1
CAF,Central African Republic,Africa,A13,3
CAF,Central African Republic,Africa,A14,1
CAF,Central African Republic,Africa,A16,2
CAF,Central African Republic,Africa,A26,1
CAN,Canada,Americas,A01b,6
CAN,Canada,Americas,A02a,1
CAN,Canada,Americas,A03a,2
CAN,Canada,Americas,A06,1
CAN,Canada,Americas,A06a,2
CAN,Canada,Americas,A06c,3
CAN,Canada,Americas,A06d,2
CAN,Canada,Americas,A06e,1
CAN,Canada,Americas,A06f,1
CAN,Canada,Americas,A07,2
CAN,Canada,Americas,A10,1
CAN,Canada,Americas,A12b,2
CAN,Canada,Americas,A14,2
CAN,Canada,Americas,A16,1
CAN,Canada,Americas,A23,2
CAN,Canada,Americas,A24,1
CAN,Canada,Americas,A25,2
CHE,Switzerland,Europe,A01a,1
CHE,Switzerland,Europe,A01b,1
CHE,Switzerland,Europe,A03a,1
CHE,Switzerland,Europe,A04,1
CHE,Switzerland,Europe,A05,1
CHE,Switzerland,Europe,A06,1
CHE,Switzerland,Europe,A06a,3
CHE,Switzerland,Europe,A06c,3
CHE,Switzerland,Europe,A06d,2
CHE,Switzerland,Europe,A06e,3
CHE,Switzerland,Europe,A06f,1
CHE,Switzerland,Europe,A08,1
CHE,Switzerland,Europe,A09,1
CHE,Switzerland,Europe,A10,2
CHE,Switzerland,Europe,A14,2
CHE,Switzerland,Europe,A16,1
CHE,Switzerland,Europe,A20,1
CHE,Switzerland,Europe,A23,2
CHL,Chile,Americas,A01b,6
CHL,Chile,Americas,A02a,2
CHL,Chile,Americas,A05,2
CHL,Chile,Americas,A06,1
CHL,Chile,Americas,A06a,2
CHL,Chile,Americas,A06b,1
CHL,Chile,Americas,A06e,2
CHL,Chile,Americas,A06f,1
CHL,Chile,Americas,A07,2
CHL,Chile,Americas,A09,1
CHL,Chile,Americas,A16,2
CHL,Chile,Americas,A22,1
CHL,Chile,Americas,A24,1
CHN,China,Asia,A01a,1
CHN,China,Asia,A01b,6
CHN,China,Asia,A03b,3
CHN,China,Asia,A06a,99
CHN,China,Asia,A06b,99
CHN,China,Asia,A06c,99
CHN,China,Asia,A06d,99
CHN,China,Asia,A06e,99
CHN,China,Asia,A06f,99
CHN,China,Asia,A08,1
CHN,China,Asia,A09,1
CHN,China,Asia,A16,1
CHN,China,Asia,A23,1
CHN,China,Asia,A24,1
CIV,Cote dIvoire,Africa,A01a,3
CIV,Cote dIvoire,Africa,A01b,1
CIV,Cote dIvoire,Africa,A05,1
CIV,Cote dIvoire,Africa,A06,1
CIV,Cote dIvoire,Africa,A06a,3
CIV,Cote dIvoire,Africa,A06e,2
CIV,Cote dIvoire,Africa,A06f,1
CIV,Cote dIvoire,Africa,A08,1
CIV,Cote dIvoire,Africa,A10,2
CIV,Cote dIvoire,Africa,A13,3
CIV,Cote dIvoire,Africa,A14,2
CIV,Cote dIvoire,Africa,A16,2
CIV,Cote dIvoire,Africa,A24,1
CMR,Cameroon,Africa,A01a,3
CMR,Cameroon,Africa,A01b,3
CMR,Cameroon,Africa,A02b,1
CMR,Cameroon,Africa,A03a,1
CMR,Cameroon,Africa,A03b,1
CMR,Cameroon,Africa,A04,2
CMR,Cameroon,Africa,A05,1
CMR,Cameroon,Africa,A06,1
CMR,Cameroon,Africa,A06a,2
CMR,Cameroon,Africa,A06e,2
CMR,Cameroon,Africa,A06f,1
CMR,Cameroon,Africa,A08,6
CMR,Cameroon,Africa,A09,1
CMR,Cameroon,Africa,A10,2
CMR,Cameroon,Africa,A16,1
CMR,Cameroon,Africa,A24,1
COD,Congo DRC,Africa,A01a,1
COD,Congo DRC,Africa,A01b,1
COD,Congo DRC,Africa,A03a,2
COD,Congo DRC,Africa,A03b,3
COD,Congo DRC,Africa,A05,2
COD,Congo DRC,Africa,A06a,99
COD,Congo DRC,Africa,A06b,99
COD,Congo DRC,Africa,A06c,99
COD,Congo DRC,Africa,A06d,99
COD,Congo DRC,Africa,A06e,99
COD,Congo DRC,Africa,A06f,99
COD,Congo DRC,Africa,A08,2
COD,Congo DRC,Africa,A10,1
COD,Congo DRC,Africa,A12a,1
COD,Congo DRC,Africa,A14,2
COD,Congo DRC,Africa,A16,1
COD,Congo DRC,Africa,A24,1
COG,Congo Republic,Africa,A01a,1
COG,Congo Republic,Africa,A01b,1
COG,Congo Republic,Africa,A02b,1
COG,Congo Republic,Africa,A03a,1
COG,Congo Republic,Africa,A05,2
COG,Congo Republic,Africa,A06,1
COG,Congo Republic,Africa,A06a,3
COG,Congo Republic,Africa,A06c,1
COG,Congo Republic,Africa,A06d,1
COG,Congo Republic,Africa,A06e,2
COG,Congo Republic,Africa,A06f,1
COG,Congo Republic,Africa,A08,4
COG,Congo Republic,Africa,A13,3
COG,Congo Republic,Africa,A14,1
COG,Congo Republic,Africa,A16,1
COG,Congo Republic,Africa,A24,1
COL,Colombia,Americas,A01a,1
COL,Colombia,Americas,A01b,1
COL,Colombia,Americas,A02a,2
COL,Colombia,Americas,A03b,1
COL,Colombia,Americas,A06,1
COL,Colombia,Americas,A06a,2
COL,Colombia,Americas,A06c,2
COL,Colombia,Americas,A06d,1
COL,Colombia,Americas,A06f,1
COL,Colombia,Americas,A08,2
COL,Colombia,Americas,A11,2
COL,Colombia,Americas,A14,2
COL,Colombia,Americas,A16,2
COL,Colombia,Americas,A18,2
COL,Colombia,Americas,A19,1
COM,Comoros,Africa,A01a,1
COM,Comoros,Africa,A01b,1
COM,Comoros,Africa,A03a,1
COM,Comoros,Africa,A04,1
COM,Comoros,Africa,A05,1
COM,Comoros,Africa,A06,1
COM,Comoros,Africa,A06a,3
COM,Comoros,Africa,A06c,1
COM,Comoros,Africa,A06d,1
COM,Comoros,Africa,A06e,3
COM,Comoros,Africa,A06f,1
COM,Comoros,Africa,A07,2
COM,Comoros,Africa,A08,6
COM,Comoros,Africa,A13,3
COM,Comoros,Africa,A14,2
COM,Comoros,Africa,A16,2
COM,Comoros,Africa,A24,1
CPV,Cape Verde,Africa,A01a,1
CPV,Cape Verde,Africa,A01b,6
CPV,Cape Verde,Africa,A02a,2
CPV,Cape Verde,Africa,A03a,2
CPV,Cape Verde,Africa,A03b,1
CPV,Cape Verde,Africa,A05,1
CPV,Cape Verde,Africa,A06,1
CPV,Cape Verde,Africa,A06a,2
CPV,Cape Verde,Africa,A06e,3
CPV,Cape Verde,Africa,A06f,1
CPV,Cape Verde,Africa,A08,1
CPV,Cape Verde,Africa,A10,2
CPV,Cape Verde,Africa,A11,3
CPV,Cape Verde,Africa,A14,2
CPV,Cape Verde,Africa,A16,2
CPV,Cape Verde,Africa,A19,1
CPV,Cape Verde,Africa,A24,1
CPV,Cape Verde,Africa,A26,1
CRI,Costa Rica,Americas,A01a,1
CRI,Costa Rica,Americas,A01b,6
CRI,Costa Rica,Americas,A02a,1
CRI,Costa Rica,Americas,A03a,2
CRI,Costa Rica,Americas,A05,2
CRI,Costa Rica,Americas,A06,1
CRI,Costa Rica,Americas,A06a,3
CRI,Costa Rica,Americas,A06c,2
CRI,Costa Rica,Americas,A06d,1
CRI,Costa Rica,Americas,A06e,2
CRI,Costa Rica,Americas,A06f,1
CRI,Costa Rica,Americas,A08,2
CRI,Costa Rica,Americas,A14,2
CRI,Costa Rica,Americas,A18,2
CRI,Costa Rica,Americas,A24,1
CUB,Cuba,Americas,A01b,6
CUB,Cuba,Americas,A02a,1
CUB,Cuba,Americas,A06,1
CUB,Cuba,Americas,A06a,2
CUB,Cuba,Americas,A06c,2
CUB,Cuba,Americas,A08,2
CUB,Cuba,Americas,A14,2
CUB,Cuba,Americas,A16,2
CYP,Cyprus,Europe,A01a,1
CYP,Cyprus,Europe,A01b,1
CYP,Cyprus,Europe,A04,1
CYP,Cyprus,Europe,A06,1
CYP,Cyprus,Europe,A06a,2
CYP,Cyprus,Europe,A06d,1
CYP,Cyprus,Europe,A06e,3
CYP,Cyprus,Europe,A08,2
CYP,Cyprus,Europe,A09,2
CYP,Cyprus,Europe,A10,2
CYP,Cyprus,Europe,A12b,1
CYP,Cyprus,Europe,A13,2
CYP,Cyprus,Europe,A16,2
CYP,Cyprus,Europe,A18,2
CYP,Cyprus,Europe,A24,1
CYP,Cyprus,Europe,A26,1
CZE,Czech Republic,Europe,A01a,1
CZE,Czech Republic,Europe,A01b,1
CZE,Czech Republic,Europe,A03a,2
CZE,Czech Republic,Europe,A03b,2
CZE,Czech Republic,Europe,A04,2
CZE,Czech Republic,Europe,A05,1
CZE,Czech Republic,Europe,A06,1
CZE,Czech Republic,Europe,A06a,2
CZE,Czech Republic,Europe,A06c,2
CZE,Czech Republic,Europe,A06d,2
CZE,Czech Republic,Europe,A06e,2
CZE,Czech Republic,Europe,A06f,1
CZE,Czech Republic,Europe,A07,2
CZE,Czech Republic,Europe,A08,1
CZE,Czech Republic,Europe,A09,2
CZE,Czech Republic,Europe,A10,2
CZE,Czech Republic,Europe,A12a,1
CZE,Czech Republic,Europe,A13,2
CZE,Czech Republic,Europe,A14,2
CZE,Czech Republic,Europe,A16,2
CZE,Czech Republic,Europe,A18,2
CZE,Czech Republic,Europe,A20,1
CZE,Czech Republic,Europe,A22,1
CZE,Czech Republic,Europe,A23,1
CZE,Czech Republic,Europe,A24,1
DEU,Germany,Europe,A01a,1
DEU,Germany,Europe,A01b,1
DEU,Germany,Europe,A02a,2
DEU,Germany,Europe,A03a,1
DEU,Germany,Europe,A03b,2
DEU,Germany,Europe,A04,2
DEU,Germany,Europe,A06,1
DEU,Germany,Europe,A06a,3
DEU,Germany,Europe,A06b,2
DEU,Germany,Europe,A06c,3
DEU,Germany,Europe,A06d,2
DEU,Germany,Europe,A06e,1
DEU,Germany,Europe,A06f,1
DEU,Germany,Europe,A08,2
DEU,Germany,Europe,A10,2
DEU,Germany,Europe,A12a,1
DEU,Germany,Europe,A13,2
DEU,Germany,Europe,A14,2
DEU,Germany,Europe,A16,1
DEU,Germany,Europe,A18,2
DEU,Germany,Europe,A19,1
DEU,Germany,Europe,A20,1
DEU,Germany,Europe,A22,1
DEU,Germany,Europe,A23,1
DEU,Germany,Europe,A24,1
DEU,Germany,Europe,A25,3
DJI,Djibouti,Africa,A01a,1
DJI,Djibouti,Africa,A01b,1
DJI,Djibouti,Africa,A03a,1
DJI,Djibouti,Africa,A06,1
DJI,Djibouti,Africa,A06a,3
DJI,Djibouti,Africa,A06c,2
DJI,Djibouti,Africa,A06e,2
DJI,Djibouti,Africa,A08,2
DJI,Djibouti,Africa,A14,2
DJI,Djibouti,Africa,A24,1
DMA,Dominica,Americas,A01b,6
DMA,Dominica,Americas,A02a,1
DMA,Dominica,Americas,A04,2
DMA,Dominica,Americas,A06,1
DMA,Dominica,Americas,A06a,3
DMA,Dominica,Americas,A06c,2
DMA,Dominica,Americas,A06d,1
DMA,Dominica,Americas,A06e,3
DMA,Dominica,Americas,A08,2
DMA,Dominica,Americas,A09,2
DMA,Dominica,Americas,A10,2
DMA,Dominica,Americas,A11,1
DMA,Dominica,Americas,A12b,1
DMA,Dominica,Americas,A14,1
DMA,Dominica,Americas,A16,2
DMA,Dominica,Americas,A18,2
DMA,Dominica,Americas,A25,1
DMA,Dominica,Americas,A26,1
DNK,Denmark,Europe,A01a,1
DNK,Denmark,Europe,A01b,1
DNK,Denmark,Europe,A03a,1
DNK,Denmark,Europe,A03b,1
DNK,Denmark,Europe,A04,1
DNK,Denmark,Europe,A06,1
DNK,Denmark,Europe,A06a,3
DNK,Denmark,Europe,A06c,3
DNK,Denmark,Europe,A06d,2
DNK,Denmark,Europe,A06e,1
DNK,Denmark,Europe,A06f,1
DNK,Denmark,Europe,A07,2
DNK,Denmark,Europe,A08,2
DNK,Denmark,Europe,A10,2
DNK,Denmark,Europe,A12a,1
DNK,Denmark,Europe,A14,2
DNK,Denmark,Europe,A16,2
DNK,Denmark,Europe,A18,2
DNK,Denmark,Europe,A19,1
DNK,Denmark,Europe,A20,1
DNK,Denmark,Europe,A22,1
DNK,Denmark,Europe,A23,1
DOM,Dominican Republic,Americas,A01a,1
DOM,Dominican Republic,Americas,A01b,1
DOM,Dominican Republic,Americas,A02a,2
DOM,Dominican Republic,Americas,A06,1
DOM,Dominican Republic,Americas,A06a,1
DOM,Dominican Republic,Americas,A08,6
DOM,Dominican Republic,Americas,A10,2
DOM,Dominican Republic,Americas,A13,4
DOM,Dominican Republic,Americas,A14,1
DOM,Dominican Republic,Americas,A24,1
DOM,Dominican Republic,Americas,A25,2
DOM,Dominican Republic,Americas,A26,1
DZA,Algeria,Africa,A01a,1
DZA,Algeria,Africa,A01b,1
DZA,Algeria,Africa,A03a,1
DZA,Algeria,Africa,A06,1
DZA,Algeria,Africa,A06a,3
DZA,Algeria,Africa,A06c,1
DZA,Algeria,Africa,A06d,1
DZA,Algeria,Africa,A06e,3
DZA,Algeria,Africa,A06f,1
DZA,Algeria,Africa,A08,7
DZA,Algeria,Africa,A14,2
DZA,Algeria,Africa,A16,1
DZA,Algeria,Africa,A24,1
ECU,Ecuador,Americas,A01b,6
ECU,Ecuador,Americas,A02a,1
ECU,Ecuador,Americas,A06,1
ECU,Ecuador,Americas,A06a,1
ECU,Ecuador,Americas,A06d,1
ECU,Ecuador,Americas,A06e,1
ECU,Ecuador,Americas,A06f,1
ECU,Ecuador,Americas,A08,2
ECU,Ecuador,Americas,A10,2
ECU,Ecuador,Americas,A14,2
ECU,Ecuador,Americas,A19,1
ECU,Ecuador,Americas,A24,1
EGY,Egypt,Africa,A01a,1
EGY,Egypt,Africa,A01b,1
EGY,Egypt,Africa,A03a,1
EGY,Egypt,Africa,A05,2
EGY,Egypt,Africa,A06,1
EGY,Egypt,Africa,A06a,3
EGY,Egypt,Africa,A06c,2
EGY,Egypt,Africa,A06e,2
EGY,Egypt,Africa,A06f,1
EGY,Egypt,Africa,A08,3
EGY,Egypt,Africa,A13,3
EGY,Egypt,Africa,A14,2
EGY,Egypt,Africa,A16,2
EGY,Egypt,Africa,A19,1
EGY,Egypt,Africa,A24,1
ERI,Eritrea,Africa,A01a,1
ERI,Eritrea,Africa,A01b,1
ERI,Eritrea,Africa,A03a,1
ERI,Eritrea,Africa,A06,1
ERI,Eritrea,Africa,A06a,4
ERI,Eritrea,Africa,A06b,3
ERI,Eritrea,Africa,A06c,2
ERI,Eritrea,Africa,A06e,2
ERI,Eritrea,Africa,A06f,1
ERI,Eritrea,Africa,A08,2
ERI,Eritrea,Africa,A10,1
ERI,Eritrea,Africa,A14,2
ESP,Spain,Europe,A01a,1
ESP,Spain,Europe,A01b,1
ESP,Spain,Europe,A02b,1
ESP,Spain,Europe,A03a,1
ESP,Spain,Europe,A03b,1
ESP,Spain,Europe,A04,2
ESP,Spain,Europe,A05,1
ESP,Spain,Europe,A06,1
ESP,Spain,Europe,A06a,3
ESP,Spain,Europe,A06b,2
ESP,Spain,Europe,A06c,3
ESP,Spain,Europe,A06d,2
ESP,Spain,Europe,A06e,3
ESP,Spain,Europe,A08,2
ESP,Spain,Europe,A10,1
ESP,Spain,Europe,A12a,1
ESP,Spain,Europe,A12b,1
ESP,Spain,Europe,A16,1
ESP,Spain,Europe,A18,2
ESP,Spain,Europe,A19,1
ESP,Spain,Europe,A20,1
ESP,Spain,Europe,A22,1
EST,Estonia,Europe,A01a,1
EST,Estonia,Europe,A01b,1
EST,Estonia,Europe,A03a,1
EST,Estonia,Europe,A03b,2
EST,Estonia,Europe,A06,1
EST,Estonia,Europe,A06a,3
EST,Estonia,Europe,A06b,3
EST,Estonia,Europe,A06c,2
EST,Estonia,Europe,A06d,2
EST,Estonia,Europe,A06f,1
EST,Estonia,Europe,A09,2
EST,Estonia,Europe,A10,2
EST,Estonia,Europe,A14,2
EST,Estonia,Europe,A16,2
EST,Estonia,Europe,A20,1
EST,Estonia,Europe,A24,1
ETH,Ethiopia,Africa,A01a,1
ETH,Ethiopia,Africa,A01b,1
ETH,Ethiopia,Africa,A03a,2
ETH,Ethiopia,Africa,A06,1
ETH,Ethiopia,Africa,A06a,1
ETH,Ethiopia,Africa,A06b,3
ETH,Ethiopia,Africa,A06c,2
ETH,Ethiopia,Africa,A06e,2
ETH,Ethiopia,Africa,A06f,1
ETH,Ethiopia,Africa,A08,2
ETH,Ethiopia,Africa,A10,2
ETH,Ethiopia,Africa,A14,2
ETH,Ethiopia,Africa,A16,2
ETH,Ethiopia,Africa,A24,1
FIN,Finland,Europe,A01a,3
FIN,Finland,Europe,A01b,3
FIN,Finland,Europe,A03a,2
FIN,Finland,Europe,A03b,1
FIN,Finland,Europe,A04,2
FIN,Finland,Europe,A05,2
FIN,Finland,Europe,A06,1
FIN,Finland,Europe,A06a,2
FIN,Finland,Europe,A06c,3
FIN,Finland,Europe,A06e,1
FIN,Finland,Europe,A06f,1
FIN,Finland,Europe,A07,2
FIN,Finland,Europe,A08,2
FIN,Finland,Europe,A09,2
FIN,Finland,Europe,A10,2
FIN,Finland,Europe,A12b,1
FIN,Finland,Europe,A13,2
FIN,Finland,Europe,A14,2
FIN,Finland,Europe,A16,2
FIN,Finland,Europe,A18,2
FIN,Finland,Europe,A20,1
FIN,Finland,Europe,A21,1
FIN,Finland,Europe,A22,1
FIN,Finland,Europe,A23,1
FJI,Fiji,Oceania,A01a,1
FJI,Fiji,Oceania,A01b,1
FJI,Fiji,Oceania,A06,1
FJI,Fiji,Oceania,A06a,2
FJI,Fiji,Oceania,A06c,2
FJI,Fiji,Oceania,A06e,3
FJI,Fiji,Oceania,A08,2
FJI,Fiji,Oceania,A09,1
FJI,Fiji,Oceania,A10,1
FJI,Fiji,Oceania,A16,2
FRA,France,Europe,A01a,1
FRA,France,Europe,A01b,1
FRA,France,Europe,A02b,1
FRA,France,Europe,A03a,1
FRA,France,Europe,A03b,1
FRA,France,Europe,A05,1
FRA,France,Europe,A06,1
FRA,France,Europe,A06a,2
FRA,France,Europe,A06c,3
FRA,France,Europe,A06d,2
FRA,France,Europe,A06e,2
FRA,France,Europe,A07,1
FRA,France,Europe,A08,2
FRA,France,Europe,A10,2
FRA,France,Europe,A11,2
FRA,France,Europe,A14,2
FRA,France,Europe,A16,1
FRA,France,Europe,A19,1
FRA,France,Europe,A20,1
FRA,France,Europe,A22,1
FRA,France,Europe,A23,1
FRA,France,Europe,A24,1
FRA,France,Europe,A25,2
FSM,Micronesia,Oceania,A01a,1
FSM,Micronesia,Oceania,A01b,1
FSM,Micronesia,Oceania,A06a,99
FSM,Micronesia,Oceania,A06b,99
FSM,Micronesia,Oceania,A06c,99
FSM,Micronesia,Oceania,A06d,99
FSM,Micronesia,Oceania,A06e,99
FSM,Micronesia,Oceania,A06f,99
FSM,Micronesia,Oceania,A08,2
FSM,Micronesia,Oceania,A09,1
FSM,Micronesia,Oceania,A16,2
GAB,Gabon,Africa,A01a,1
GAB,Gabon,Africa,A01b,1
GAB,Gabon,Africa,A02b,1
GAB,Gabon,Africa,A03a,1
GAB,Gabon,Africa,A03b,3
GAB,Gabon,Africa,A05,1
GAB,Gabon,Africa,A06,1
GAB,Gabon,Africa,A06a,1
GAB,Gabon,Africa,A06e,2
GAB,Gabon,Africa,A06f,1
GAB,Gabon,Africa,A07,2
GAB,Gabon,Africa,A08,1
GAB,Gabon,Africa,A10,2
GAB,Gabon,Africa,A13,1
GAB,Gabon,Africa,A14,2
GAB,Gabon,Africa,A16,2
GAB,Gabon,Africa,A24,1
GBR,United Kingdom,Europe,A01a,1
GBR,United Kingdom,Europe,A01b,6
GBR,United Kingdom,Europe,A02a,2
GBR,United Kingdom,Europe,A03a,2
GBR,United Kingdom,Europe,A03b,2
GBR,United Kingdom,Europe,A05,1
GBR,United Kingdom,Europe,A06,1
GBR,United Kingdom,Europe,A06a,2
GBR,United Kingdom,Europe,A06c,3
GBR,United Kingdom,Europe,A06d,2
GBR,United Kingdom,Europe,A06e,3
GBR,United Kingdom,Europe,A08,2
GBR,United Kingdom,Europe,A09,2
GBR,United Kingdom,Europe,A10,2
GBR,United Kingdom,Europe,A13,2
GBR,United Kingdom,Europe,A16,2
GBR,United Kingdom,Europe,A23,1
GBR,United Kingdom,Europe,A25,3
GEO,Georgia,Asia,A01a,1
GEO,Georgia,Asia,A01b,2
GEO,Georgia,Asia,A03a,1
GEO,Georgia,Asia,A03b,3
GEO,Georgia,Asia,A05,1
GEO,Georgia,Asia,A06,1
GEO,Georgia,Asia,A06a,3
GEO,Georgia,Asia,A06b,3
GEO,Georgia,Asia,A06c,2
GEO,Georgia,Asia,A06d,1
GEO,Georgia,Asia,A06e,1
GEO,Georgia,Asia,A06f,1
GEO,Georgia,Asia,A08,2
GEO,Georgia,Asia,A16,2
GEO,Georgia,Asia,A19,1
GEO,Georgia,Asia,A22,1
GEO,Georgia,Asia,A23,2
GEO,Georgia,Asia,A24,1
GEO,Georgia,Asia,A26,1
GHA,Ghana,Africa,A01a,1
GHA,Ghana,Africa,A01b,1
GHA,Ghana,Africa,A03a,2
GHA,Ghana,Africa,A06,1
GHA,Ghana,Africa,A06a,2
GHA,Ghana,Africa,A06c,2
GHA,Ghana,Africa,A06d,1
GHA,Ghana,Africa,A06e,2
GHA,Ghana,Africa,A06f,1
GHA,Ghana,Africa,A08,6
GHA,Ghana,Africa,A10,2
GHA,Ghana,Africa,A11,3
GHA,Ghana,Africa,A14,2
GHA,Ghana,Africa,A16,2
GHA,Ghana,Africa,A18,2
GIN,Guinea,Africa,A01a,1
GIN,Guinea,Africa,A01b,1
GIN,Guinea,Africa,A02b,1
GIN,Guinea,Africa,A03a,2
GIN,Guinea,Africa,A03b,1
GIN,Guinea,Africa,A05,2
GIN,Guinea,Africa,A06,1
GIN,Guinea,Africa,A06a,2
GIN,Guinea,Africa,A06c,2
GIN,Guinea,Africa,A06d,1
GIN,Guinea,Africa,A06e,2
GIN,Guinea,Africa,A08,2
GIN,Guinea,Africa,A09,2
GIN,Guinea,Africa,A10,1
GIN,Guinea,Africa,A13,1
GIN,Guinea,Africa,A14,1
GIN,Guinea,Africa,A16,2
GIN,Guinea,Africa,A24,1
GIN,Guinea,Africa,A25,2
GMB,Gambia,Africa,A01a,1
GMB,Gambia,Africa,A01b,6
GMB,Gambia,Africa,A06,1
GMB,Gambia,Africa,A06a,4
GMB,Gambia,Africa,A06b,3
GMB,Gambia,Africa,A06e,3
GMB,Gambia,Africa,A06f,1
GMB,Gambia,Africa,A08,2
GMB,Gambia,Africa,A14,2
GMB,Gambia,Africa,A16,2
GNB,Guinea Bissau,Africa,A01a,1
GNB,Guinea Bissau,Africa,A01b,6
GNB,Guinea Bissau,Africa,A02a,3
GNB,Guinea Bissau,Africa,A03a,2
GNB,Guinea Bissau,Africa,A03b,1
GNB,Guinea Bissau,Africa,A06,1
GNB,Guinea Bissau,Africa,A06a,3
GNB,Guinea Bissau,Africa,A06c,1
GNB,Guinea Bissau,Africa,A06d,1
GNB,Guinea Bissau,Africa,A06e,1
GNB,Guinea Bissau,Africa,A08,2
GNB,Guinea Bissau,Africa,A10,2
GNB,Guinea Bissau,Africa,A14,2
GNB,Guinea Bissau,Africa,A16,2
GNB,Guinea Bissau,Africa,A24,1
GNQ,Equatorial Guinea,Africa,A01a,1
GNQ,Equatorial Guinea,Africa,A01b,1
GNQ,Equatorial Guinea,Africa,A05,2
GNQ,Equatorial Guinea,Africa,A06,1
GNQ,Equatorial Guinea,Africa,A06a,4
GNQ,Equatorial Guinea,Africa,A06b,3
GNQ,Equatorial Guinea,Africa,A06c,2
GNQ,Equatorial Guinea,Africa,A06d,1
GNQ,Equatorial Guinea,Africa,A06e,1
GNQ,Equatorial Guinea,Africa,A06f,1
GNQ,Equatorial Guinea,Africa,A08,2
GNQ,Equatorial Guinea,Africa,A10,2
GNQ,Equatorial Guinea,Africa,A12a,1
GNQ,Equatorial Guinea,Africa,A14,2
GNQ,Equatorial Guinea,Africa,A16,2
GNQ,Equatorial Guinea,Africa,A24,1
GRC,Greece,Europe,A01a,1
GRC,Greece,Europe,A01b,1
GRC,Greece,Europe,A02a,2
GRC,Greece,Europe,A02b,3
GRC,Greece,Europe,A03a,1
GRC,Greece,Europe,A03b,1
GRC,Greece,Europe,A04,1
GRC,Greece,Europe,A05,1
GRC,Greece,Europe,A06,1
GRC,Greece,Europe,A06a,3
GRC,Greece,Europe,A06c,2
GRC,Greece,Europe,A06d,1
GRC,Greece,Europe,A06e,1
GRC,Greece,Europe,A06f,1
GRC,Greece,Europe,A07,3
GRC,Greece,Europe,A08,2
GRC,Greece,Europe,A09,2
GRC,Greece,Europe,A10,1
GRC,Greece,Europe,A11,2
GRC,Greece,Europe,A12a,1
GRC,Greece,Europe,A14,2
GRC,Greece,Europe,A16,2
GRC,Greece,Europe,A18,2
GRC,Greece,Europe,A19,1
GRC,Greece,Europe,A21,1
GRC,Greece,Europe,A22,1
GRC,Greece,Europe,A23,1
GRC,Greece,Europe,A24,1
GRC,Greece,Europe,A25,2
GRD,Grenada,Americas,A01b,6
GRD,Grenada,Americas,A02a,1
GRD,Grenada,Americas,A03a,1
GRD,Grenada,Americas,A06,1
GRD,Grenada,Americas,A06a,3
GRD,Grenada,Americas,A06c,2
GRD,Grenada,Americas,A06e,3
GRD,Grenada,Americas,A08,2
GRD,Grenada,Americas,A10,2
GRD,Grenada,Americas,A14,2
GRD,Grenada,Americas,A18,2
GRD,Grenada,Americas,A22,1
GRD,Grenada,Americas,A23,1
GRD,Grenada,Americas,A26,1
GTM,Guatemala,Americas,A01b,1
GTM,Guatemala,Americas,A02a,1
GTM,Guatemala,Americas,A06,1
GTM,Guatemala,Americas,A06a,2
GTM,Guatemala,Americas,A06b,1
GTM,Guatemala,Americas,A06c,3
GTM,Guatemala,Americas,A06d,2
GTM,Guatemala,Americas,A06e,3
GTM,Guatemala,Americas,A06f,1
GTM,Guatemala,Americas,A16,2
GTM,Guatemala,Americas,A18,2
GTM,Guatemala,Americas,A19,1
GTM,Guatemala,Americas,A23,1
GTM,Guatemala,Americas,A24,1
GUY,Guyana,Americas,A01b,6
GUY,Guyana,Americas,A02a,1
GUY,Guyana,Americas,A03a,2
GUY,Guyana,Americas,A04,1
GUY,Guyana,Americas,A06,1
GUY,Guyana,Americas,A06a,3
GUY,Guyana,Americas,A06e,3
GUY,Guyana,Americas,A08,1
GUY,Guyana,Americas,A09,2
GUY,Guyana,Americas,A10,2
GUY,Guyana,Americas,A12b,2
GUY,Guyana,Americas,A13,1
GUY,Guyana,Americas,A14,2
GUY,Guyana,Americas,A18,2
GUY,Guyana,Americas,A23,2
GUY,Guyana,Americas,A25,1
HND,Honduras,Americas,A01b,6
HND,Honduras,Americas,A02a,1
HND,Honduras,Americas,A03a,2
HND,Honduras,Americas,A06,1
HND,Honduras,Americas,A06a,1
HND,Honduras,Americas,A06b,2
HND,Honduras,Americas,A06d,1
HND,Honduras,Americas,A06e,2
HND,Honduras,Americas,A06f,1
HND,Honduras,Americas,A08,1
HND,Honduras,Americas,A18,2
HND,Honduras,Americas,A24,1
HRV,Croatia,Europe,A01a,1
HRV,Croatia,Europe,A01b,2
HRV,Croatia,Europe,A03a,1
HRV,Croatia,Europe,A03b,3
HRV,Croatia,Europe,A05,2
HRV,Croatia,Europe,A06,1
HRV,Croatia,Europe,A06a,3
HRV,Croatia,Europe,A06b,2
HRV,Croatia,Europe,A06c,3
HRV,Croatia,Europe,A06d,1
HRV,Croatia,Europe,A06e,3
HRV,Croatia,Europe,A06f,1
HRV,Croatia,Europe,A08,2
HRV,Croatia,Europe,A10,2
HRV,Croatia,Europe,A13,2
HRV,Croatia,Europe,A14,2
HRV,Croatia,Europe,A16,2
HRV,Croatia,Europe,A19,1
HRV,Croatia,Europe,A24,1
HTI,Haiti,Americas,A01a,1
HTI,Haiti,Americas,A01b,2
HTI,Haiti,Americas,A02a,3
HTI,Haiti,Americas,A03a,1
HTI,Haiti,Americas,A03b,3
HTI,Haiti,Americas,A05,3
HTI,Haiti,Americas,A06,1
HTI,Haiti,Americas,A06a,2
HTI,Haiti,Americas,A06b,1
HTI,Haiti,Americas,A08,3
HTI,Haiti,Americas,A10,1
HTI,Haiti,Americas,A13,3
HTI,Haiti,Americas,A24,1
HTI,Haiti,Americas,A25,1
HUN,Hungary,Europe,A01a,1
HUN,Hungary,Europe,A01b,1
HUN,Hungary,Europe,A03a,1
HUN,Hungary,Europe,A03b,1
HUN,Hungary,Europe,A04,1
HUN,Hungary,Europe,A05,1
HUN,Hungary,Europe,A06,1
HUN,Hungary,Europe,A06a,3
HUN,Hungary,Europe,A06c,1
HUN,Hungary,Europe,A06d,2
HUN,Hungary,Europe,A06e,2
HUN,Hungary,Europe,A06f,1
HUN,Hungary,Europe,A07,2
HUN,Hungary,Europe,A08,1
HUN,Hungary,Europe,A10,2
HUN,Hungary,Europe,A11,2
HUN,Hungary,Europe,A12a,1
HUN,Hungary,Europe,A16,1
HUN,Hungary,Europe,A19,1
HUN,Hungary,Europe,A22,1
HUN,Hungary,Europe,A23,1
HUN,Hungary,Europe,A24,1
IDN,Indonesia,Asia,A01a,3
IDN,Indonesia,Asia,A01b,3
IDN,Indonesia,Asia,A03a,2
IDN,Indonesia,Asia,A03b,3
IDN,Indonesia,Asia,A04,2
IDN,Indonesia,Asia,A06,1
IDN,Indonesia,Asia,A06a,2
IDN,Indonesia,Asia,A06b,3
IDN,Indonesia,Asia,A06c,2
IDN,Indonesia,Asia,A06e,1
IDN,Indonesia,Asia,A06f,1
IDN,Indonesia,Asia,A08,2
IDN,Indonesia,Asia,A09,2
IDN,Indonesia,Asia,A10,2
IDN,Indonesia,Asia,A12b,2
IDN,Indonesia,Asia,A16,2
IDN,Indonesia,Asia,A24,1
IND,India,Asia,A01a,2
IND,India,Asia,A01b,6
IND,India,Asia,A06,1
IND,India,Asia,A06a,4
IND,India,Asia,A06b,3
IND,India,Asia,A06c,2
IND,India,Asia,A06e,3
IND,India,Asia,A08,2
IND,India,Asia,A09,2
IND,India,Asia,A14,1
IND,India,Asia,A16,1
IND,India,Asia,A19,1
IND,India,Asia,A24,1
IRL,Ireland,Europe,A01a,1
IRL,Ireland,Europe,A01b,1
IRL,Ireland,Europe,A02a,2
IRL,Ireland,Europe,A03a,2
IRL,Ireland,Europe,A03b,1
IRL,Ireland,Europe,A05,1
IRL,Ireland,Europe,A06,1
IRL,Ireland,Europe,A06a,2
IRL,Ireland,Europe,A06e,3
IRL,Ireland,Europe,A08,2
IRL,Ireland,Europe,A10,1
IRL,Ireland,Europe,A14,2
IRL,Ireland,Europe,A16,2
IRL,Ireland,Europe,A19,1
IRL,Ireland,Europe,A22,1
IRL,Ireland,Europe,A23,1
IRL,Ireland,Europe,A24,1
IRL,Ireland,Europe,A25,3
IRN,Iran,Asia,A01a,4
IRN,Iran,Asia,A01b,4
IRN,Iran,Asia,A02b,1
IRN,Iran,Asia,A03a,1
IRN,Iran,Asia,A05,2
IRN,Iran,Asia,A06,1
IRN,Iran,Asia,A06a,2
IRN,Iran,Asia,A06e,1
IRN,Iran,Asia,A08,6
IRN,Iran,Asia,A12a,1
IRN,Iran,Asia,A13,3
IRN,Iran,Asia,A14,2
IRN,Iran,Asia,A16,2
IRN,Iran,Asia,A20,1
IRN,Iran,Asia,A24,1
IRN,Iran,Asia,A25,3
IRQ,Iraq,Asia,A01a,1
IRQ,Iraq,Asia,A01b,4
IRQ,Iraq,Asia,A03a,1
IRQ,Iraq,Asia,A05,2
IRQ,Iraq,Asia,A06,1
IRQ,Iraq,Asia,A06a,3
IRQ,Iraq,Asia,A06e,2
IRQ,Iraq,Asia,A06f,1
IRQ,Iraq,Asia,A08,6
IRQ,Iraq,Asia,A14,2
IRQ,Iraq,Asia,A16,2
ISL,Iceland,Europe,A01a,1
ISL,Iceland,Europe,A01b,1
ISL,Iceland,Europe,A03a,1
ISL,Iceland,Europe,A03b,2
ISL,Iceland,Europe,A06,1
ISL,Iceland,Europe,A06a,3
ISL,Iceland,Europe,A06c,2
ISL,Iceland,Europe,A06e,2
ISL,Iceland,Europe,A06f,1
ISL,Iceland,Europe,A07,2
ISL,Iceland,Europe,A08,2
ISL,Iceland,Europe,A10,2
ISL,Iceland,Europe,A14,2
ISL,Iceland,Europe,A16,1
ISL,Iceland,Europe,A18,2
ISL,Iceland,Europe,A22,1
ISL,Iceland,Europe,A23,1
ISR,Israel,Asia,A01a,1
ISR,Israel,Asia,A01b,6
ISR,Israel,Asia,A02a,3
ISR,Israel,Asia,A03a,1
ISR,Israel,Asia,A03b,2
ISR,Israel,Asia,A06,1
ISR,Israel,Asia,A06a,1
ISR,Israel,Asia,A06b,3
ISR,Israel,Asia,A06c,2
ISR,Israel,Asia,A08,1
ISR,Israel,Asia,A10,2
ISR,Israel,Asia,A12a,1
ISR,Israel,Asia,A12b,2
ISR,Israel,Asia,A13,1
ISR,Israel,Asia,A14,2
ISR,Israel,Asia,A16,2
ISR,Israel,Asia,A19,1
ISR,Israel,Asia,A24,1
ITA,Italy,Europe,A01a,1
ITA,Italy,Europe,A01b,1
ITA,Italy,Europe,A03a,1
ITA,Italy,Europe,A03b,3
ITA,Italy,Europe,A04,1
ITA,Italy,Europe,A05,2
ITA,Italy,Europe,A06,1
ITA,Italy,Europe,A06a,3
ITA,Italy,Europe,A06c,3
ITA,Italy,Europe,A06e,1
ITA,Italy,Europe,A06f,1
ITA,Italy,Europe,A08,1
ITA,Italy,Europe,A10,2
ITA,Italy,Europe,A12a,1
ITA,Italy,Europe,A14,2
ITA,Italy,Europe,A16,1
ITA,Italy,Europe,A18,2
ITA,Italy,Europe,A19,1
ITA,Italy,Europe,A22,1
ITA,Italy,Europe,A23,1
ITA,Italy,Europe,A24,1
ITA,Italy,Europe,A25,3
JAM,Jamaica,Americas,A01b,1
JAM,Jamaica,Americas,A02a,1
JAM,Jamaica,Americas,A03a,1
JAM,Jamaica,Americas,A04,2
JAM,Jamaica,Americas,A06,1
JAM,Jamaica,Americas,A06a,2
JAM,Jamaica,Americas,A06e,3
JAM,Jamaica,Americas,A08,1
JAM,Jamaica,Americas,A09,2
JAM,Jamaica,Americas,A10,2
JAM,Jamaica,Americas,A12b,2
JAM,Jamaica,Americas,A13,1
JAM,Jamaica,Americas,A14,2
JAM,Jamaica,Americas,A16,2
JAM,Jamaica,Americas,A18,2
JAM,Jamaica,Americas,A25,1
JOR,Jordan,Asia,A01a,4
JOR,Jordan,Asia,A01b,4
JOR,Jordan,Asia,A03a,1
JOR,Jordan,Asia,A06,1
JOR,Jordan,Asia,A06a,1
JOR,Jordan,Asia,A06b,3
JOR,Jordan,Asia,A06c,2
JOR,Jordan,Asia,A06e,2
JOR,Jordan,Asia,A06f,1
JOR,Jordan,Asia,A08,3
JOR,Jordan,Asia,A13,3
JOR,Jordan,Asia,A14,2
JOR,Jordan,Asia,A16,2
JOR,Jordan,Asia,A18,2
JOR,Jordan,Asia,A19,1
JOR,Jordan,Asia,A24,1
JOR,Jordan,Asia,A26,1
JPN,Japan,Asia,A01a,1
JPN,Japan,Asia,A01b,1
JPN,Japan,Asia,A03a,2
JPN,Japan,Asia,A03b,3
JPN,Japan,Asia,A04,2
JPN,Japan,Asia,A05,2
JPN,Japan,Asia,A06,1
JPN,Japan,Asia,A06a,2
JPN,Japan,Asia,A06b,3
JPN,Japan,Asia,A06e,2
JPN,Japan,Asia,A06f,1
JPN,Japan,Asia,A08,2
JPN,Japan,Asia,A09,1
JPN,Japan,Asia,A10,1
JPN,Japan,Asia,A12a,1
JPN,Japan,Asia,A12b,2
JPN,Japan,Asia,A16,2
JPN,Japan,Asia,A21,1
JPN,Japan,Asia,A24,1
KAZ,Kazakhstan,Asia,A01a,1
KAZ,Kazakhstan,Asia,A01b,2
KAZ,Kazakhstan,Asia,A03a,1
KAZ,Kazakhstan,Asia,A03b,3
KAZ,Kazakhstan,Asia,A06,1
KAZ,Kazakhstan,Asia,A06a,2
KAZ,Kazakhstan,Asia,A06e,1
KAZ,Kazakhstan,Asia,A08,2
KAZ,Kazakhstan,Asia,A10,2
KAZ,Kazakhstan,Asia,A14,2
KAZ,Kazakhstan,Asia,A16,1
KAZ,Kazakhstan,Asia,A18,2
KAZ,Kazakhstan,Asia,A19,1
KAZ,Kazakhstan,Asia,A24,1
KEN,Kenya,Africa,A01a,1
KEN,Kenya,Africa,A01b,1
KEN,Kenya,Africa,A03a,2
KEN,Kenya,Africa,A06,1
KEN,Kenya,Africa,A06a,3
KEN,Kenya,Africa,A06c,2
KEN,Kenya,Africa,A06d,1
KEN,Kenya,Africa,A06e,1
KEN,Kenya,Africa,A06f,1
KEN,Kenya,Africa,A08,1
KEN,Kenya,Africa,A09,2
KEN,Kenya,Africa,A10,2
KEN,Kenya,Africa,A12b,3
KEN,Kenya,Africa,A16,2
KEN,Kenya,Africa,A23,2
KGZ,Kyrgyzstan,Asia,A01a,2
KGZ,Kyrgyzstan,Asia,A01b,2
KGZ,Kyrgyzstan,Asia,A03a,1
KGZ,Kyrgyzstan,Asia,A03b,3
KGZ,Kyrgyzstan,Asia,A06,1
KGZ,Kyrgyzstan,Asia,A06a,2
KGZ,Kyrgyzstan,Asia,A06c,2
KGZ,Kyrgyzstan,Asia,A06e,1
KGZ,Kyrgyzstan,Asia,A06f,1
KGZ,Kyrgyzstan,Asia,A08,3
KGZ,Kyrgyzstan,Asia,A09,1
KGZ,Kyrgyzstan,Asia,A10,2
KGZ,Kyrgyzstan,Asia,A14,2
KGZ,Kyrgyzstan,Asia,A16,1
KGZ,Kyrgyzstan,Asia,A19,1
KGZ,Kyrgyzstan,Asia,A22,1
KGZ,Kyrgyzstan,Asia,A24,1
KGZ,Kyrgyzstan,Asia,A26,1
KHM,Cambodia,Asia,A01a,1
KHM,Cambodia,Asia,A01b,1
KHM,Cambodia,Asia,A02b,3
KHM,Cambodia,Asia,A03a,1
KHM,Cambodia,Asia,A04,2
KHM,Cambodia,Asia,A05,1
KHM,Cambodia,Asia,A06,1
KHM,Cambodia,Asia,A06a,3
KHM,Cambodia,Asia,A06c,2
KHM,Cambodia,Asia,A06d,1
KHM,Cambodia,Asia,A06e,2
KHM,Cambodia,Asia,A06f,1
KHM,Cambodia,Asia,A08,2
KHM,Cambodia,Asia,A10,1
KHM,Cambodia,Asia,A11,2
KHM,Cambodia,Asia,A13,1
KHM,Cambodia,Asia,A14,2
KHM,Cambodia,Asia,A24,1
KHM,Cambodia,Asia,A26,1
KIR,Kiribati,Oceania,A01a,4
KIR,Kiribati,Oceania,A01b,4
KIR,Kiribati,Oceania,A03b,1
KIR,Kiribati,Oceania,A06,1
KIR,Kiribati,Oceania,A06a,3
KIR,Kiribati,Oceania,A06b,3
KIR,Kiribati,Oceania,A06c,2
KIR,Kiribati,Oceania,A06d,1
KIR,Kiribati,Oceania,A06e,3
KIR,Kiribati,Oceania,A06f,1
KIR,Kiribati,Oceania,A08,3
KIR,Kiribati,Oceania,A09,1
KIR,Kiribati,Oceania,A10,2
KIR,Kiribati,Oceania,A13,3
KIR,Kiribati,Oceania,A14,2
KIR,Kiribati,Oceania,A16,2
KNA,Saint Kitts and Nevis,Americas,A01b,1
KNA,Saint Kitts and Nevis,Americas,A02a,1
KNA,Saint Kitts and Nevis,Americas,A03a,2
KNA,Saint Kitts and Nevis,Americas,A03b,1
KNA,Saint Kitts and Nevis,Americas,A04,1
KNA,Saint Kitts and Nevis,Americas,A05,1
KNA,Saint Kitts and Nevis,Americas,A06,1
KNA,Saint Kitts and Nevis,Americas,A06a,4
KNA,Saint Kitts and Nevis,Americas,A06e,3
KNA,Saint Kitts and Nevis,Americas,A08,1
KNA,Saint Kitts and Nevis,Americas,A10,2
KNA,Saint Kitts and Nevis,Americas,A11,3
KNA,Saint Kitts and Nevis,Americas,A12b,1
KNA,Saint Kitts and Nevis,Americas,A13,1
KNA,Saint Kitts and Nevis,Americas,A14,2
KNA,Saint Kitts and Nevis,Americas,A16,2
KNA,Saint Kitts and Nevis,Americas,A18,2
KNA,Saint Kitts and Nevis,Americas,A25,1
KNA,Saint Kitts and Nevis,Americas,A26,1
KOR,South Korea,Asia,A01a,1
KOR,South Korea,Asia,A01b,1
KOR,South Korea,Asia,A03a,1
KOR,South Korea,Asia,A03b,3
KOR,South Korea,Asia,A04,1
KOR,South Korea,Asia,A05,2
KOR,South Korea,Asia,A06,1
KOR,South Korea,Asia,A06a,2
KOR,South Korea,Asia,A06b,2
KOR,South Korea,Asia,A06c,2
KOR,South Korea,Asia,A06d,1
KOR,South Korea,Asia,A06e,3
KOR,South Korea,Asia,A06f,1
KOR,South Korea,Asia,A08,2
KOR,South Korea,Asia,A09,1
KOR,South Korea,Asia,A10,1
KOR,South Korea,Asia,A12a,1
KOR,South Korea,Asia,A12b,1
KOR,South Korea,Asia,A14,2
KOR,South Korea,Asia,A16,1
KOR,South Korea,Asia,A24,1
KWT,Kuwait,Asia,A01a,4
KWT,Kuwait,Asia,A01b,4
KWT,Kuwait,Asia,A03a,1
KWT,Kuwait,Asia,A06a,99
KWT,Kuwait,Asia,A06b,99
KWT,Kuwait,Asia,A06c,99
KWT,Kuwait,Asia,A06d,99
KWT,Kuwait,Asia,A06e,99
KWT,Kuwait,Asia,A06f,99
KWT,Kuwait,Asia,A07,2
KWT,Kuwait,Asia,A08,3
KWT,Kuwait,Asia,A13,3
KWT,Kuwait,Asia,A14,2
KWT,Kuwait,Asia,A16,1
KWT,Kuwait,Asia,A18,2
KWT,Kuwait,Asia,A19,1
KWT,Kuwait,Asia,A24,1
LAO,Laos,Asia,A01a,1
LAO,Laos,Asia,A01b,2
LAO,Laos,Asia,A03a,1
LAO,Laos,Asia,A03b,3
LAO,Laos,Asia,A06,1
LAO,Laos,Asia,A06a,3
LAO,Laos,Asia,A06b,3
LAO,Laos,Asia,A06c,2
LAO,Laos,Asia,A06d,1
LAO,Laos,Asia,A06e,2
LAO,Laos,Asia,A06f,1
LAO,Laos,Asia,A10,2
LAO,Laos,Asia,A14,2
LAO,Laos,Asia,A16,2
LAO,Laos,Asia,A19,1
LAO,Laos,Asia,A24,1
LBN,Lebanon,Asia,A01a,4
LBN,Lebanon,Asia,A01b,4
LBN,Lebanon,Asia,A03a,1
LBN,Lebanon,Asia,A03b,1
LBN,Lebanon,Asia,A06a,99
LBN,Lebanon,Asia,A06b,99
LBN,Lebanon,Asia,A06c,99
LBN,Lebanon,Asia,A06d,99
LBN,Lebanon,Asia,A06e,99
LBN,Lebanon,Asia,A06f,99
LBN,Lebanon,Asia,A08,4
LBN,Lebanon,Asia,A13,3
LBN,Lebanon,Asia,A14,1
LBN,Lebanon,Asia,A16,2
LBR,Liberia,Africa,A01a,5
LBR,Liberia,Africa,A01b,5
LBR,Liberia,Africa,A02a,3
LBR,Liberia,Africa,A06a,99
LBR,Liberia,Africa,A06b,99
LBR,Liberia,Africa,A06c,99
LBR,Liberia,Africa,A06d,99
LBR,Liberia,Africa,A06e,99
LBR,Liberia,Africa,A06f,99
LBR,Liberia,Africa,A08,7
LBR,Liberia,Africa,A14,2
LBR,Liberia,Africa,A16,2
LBR,Liberia,Africa,A19,1
LBY,Libya,Africa,A01a,4
LBY,Libya,Africa,A01b,4
LBY,Libya,Africa,A03a,1
LBY,Libya,Africa,A06,1
LBY,Libya,Africa,A06a,3
LBY,Libya,Africa,A06e,3
LBY,Libya,Africa,A06f,1
LBY,Libya,Africa,A08,3
LBY,Libya,Africa,A14,2
LBY,Libya,Africa,A16,2
LBY,Libya,Africa,A24,1
LCA,Saint Lucia,Americas,A01b,6
LCA,Saint Lucia,Americas,A02a,1
LCA,Saint Lucia,Americas,A03a,2
LCA,Saint Lucia,Americas,A06,1
LCA,Saint Lucia,Americas,A06a,3
LCA,Saint Lucia,Americas,A06b,3
LCA,Saint Lucia,Americas,A06c,2
LCA,Saint Lucia,Americas,A06d,1
LCA,Saint Lucia,Americas,A06e,3
LCA,Saint Lucia,Americas,A08,2
LCA,Saint Lucia,Americas,A09,1
LCA,Saint Lucia,Americas,A10,2
LCA,Saint Lucia,Americas,A11,2
LCA,Saint Lucia,Americas,A12b,1
LCA,Saint Lucia,Americas,A13,1
LCA,Saint Lucia,Americas,A14,1
LCA,Saint Lucia,Americas,A16,2
LCA,Saint Lucia,Americas,A18,2
LCA,Saint Lucia,Americas,A23,2
LCA,Saint Lucia,Americas,A25,1
LCA,Saint Lucia,Americas,A26,1
LIE,Liechtenstein,Europe,A01a,1
LIE,Liechtenstein,Europe,A01b,1
LIE,Liechtenstein,Europe,A03a,1
LIE,Liechtenstein,Europe,A03b,2
LIE,Liechtenstein,Europe,A06,1
LIE,Liechtenstein,Europe,A06a,3
LIE,Liechtenstein,Europe,A06b,3
LIE,Liechtenstein,Europe,A06c,3
LIE,Liechtenstein,Europe,A06d,2
LIE,Liechtenstein,Europe,A06e,1
LIE,Liechtenstein,Europe,A06f,1
LIE,Liechtenstein,Europe,A07,2
LIE,Liechtenstein,Europe,A08,1
LIE,Liechtenstein,Europe,A10,2
LIE,Liechtenstein,Europe,A14,2
LIE,Liechtenstein,Europe,A21,1
LIE,Liechtenstein,Europe,A23,1
LKA,Sri Lanka,Asia,A01a,1
LKA,Sri Lanka,Asia,A01b,1
LKA,Sri Lanka,Asia,A03a,2
LKA,Sri Lanka,Asia,A06a,99
LKA,Sri Lanka,Asia,A06b,99
LKA,Sri Lanka,Asia,A06c,99
LKA,Sri Lanka,Asia,A06d,99
LKA,Sri Lanka,Asia,A06e,99
LKA,Sri Lanka,Asia,A06f,99
LKA,Sri Lanka,Asia,A08,2
LKA,Sri Lanka,Asia,A12a,1
LKA,Sri Lanka,Asia,A12b,1
LKA,Sri Lanka,Asia,A14,2
LKA,Sri Lanka,Asia,A16,1
LKA,Sri Lanka,Asia,A24,1
LKA,Sri Lanka,Asia,A25,3
LKA,Sri Lanka,Asia,A26,1
LSO,Lesotho,Africa,A01b,6
LSO,Lesotho,Africa,A02a,1
LSO,Lesotho,Africa,A03b,1
LSO,Lesotho,Africa,A06,1
LSO,Lesotho,Africa,A06a,2
LSO,Lesotho,Africa,A06b,3
LSO,Lesotho,Africa,A06c,2
LSO,Lesotho,Africa,A06e,3
LSO,Lesotho,Africa,A06f,1
LSO,Lesotho,Africa,A08,2
LSO,Lesotho,Africa,A10,2
LSO,Lesotho,Africa,A12b,3
LSO,Lesotho,Africa,A16,2
LSO,Lesotho,Africa,A23,1
LTU,Lithuania,Europe,A01a,1
LTU,Lithuania,Europe,A01b,1
LTU,Lithuania,Europe,A03a,1
LTU,Lithuania,Europe,A03b,3
LTU,Lithuania,Europe,A04,1
LTU,Lithuania,Europe,A06,1
LTU,Lithuania,Europe,A06a,3
LTU,Lithuania,Europe,A06b,3
LTU,Lithuania,Europe,A06c,2
LTU,Lithuania,Europe,A06d,1
LTU,Lithuania,Europe,A06e,1
LTU,Lithuania,Europe,A06f,1
LTU,Lithuania,Europe,A08,2
LTU,Lithuania,Europe,A10,1
LTU,Lithuania,Europe,A12b,3
LTU,Lithuania,Europe,A14,2
LTU,Lithuania,Europe,A16,1
LTU,Lithuania,Europe,A19,1
LTU,Lithuania,Europe,A22,1
LTU,Lithuania,Europe,A23,1
LTU,Lithuania,Europe,A24,1
LUX,Luxembourg,Europe,A01a,1
LUX,Luxembourg,Europe,A01b,1
LUX,Luxembourg,Europe,A02b,1
LUX,Luxembourg,Europe,A03a,1
LUX,Luxembourg,Europe,A03b,1
LUX,Luxembourg,Europe,A04,1
LUX,Luxembourg,Europe,A05,2
LUX,Luxembourg,Europe,A06,1
LUX,Luxembourg,Europe,A06a,2
LUX,Luxembourg,Europe,A06c,3
LUX,Luxembourg,Europe,A06d,2
LUX,Luxembourg,Europe,A06e,1
LUX,Luxembourg,Europe,A07,3
LUX,Luxembourg,Europe,A08,1
LUX,Luxembourg,Europe,A10,2
LUX,Luxembourg,Europe,A14,2
LUX,Luxembourg,Europe,A16,1
LUX,Luxembourg,Europe,A22,1
LUX,Luxembourg,Europe,A24,1
LUX,Luxembourg,Europe,A25,2
LVA,Latvia,Europe,A01a,1
LVA,Latvia,Europe,A01b,1
LVA,Latvia,Europe,A03a,1
LVA,Latvia,Europe,A03b,3
LVA,Latvia,Europe,A06,1
LVA,Latvia,Europe,A06a,2
LVA,Latvia,Europe,A06b,2
LVA,Latvia,Europe,A06c,2
LVA,Latvia,Europe,A06d,1
LVA,Latvia,Europe,A06f,1
LVA,Latvia,Europe,A14,2
LVA,Latvia,Europe,A16,2
LVA,Latvia,Europe,A18,2
LVA,Latvia,Europe,A24,1
MAR,Morocco,Africa,A01a,1
MAR,Morocco,Africa,A01b,1
MAR,Morocco,Africa,A02b,4
MAR,Morocco,Africa,A03a,1
MAR,Morocco,Africa,A06,1
MAR,Morocco,Africa,A06a,2
MAR,Morocco,Africa,A06c,2
MAR,Morocco,Africa,A06e,2
MAR,Morocco,Africa,A06f,1
MAR,Morocco,Africa,A08,4
MAR,Morocco,Africa,A14,2
MAR,Morocco,Africa,A16,1
MAR,Morocco,Africa,A24,1
MDA,Moldova,Europe,A01a,1
MDA,Moldova,Europe,A01b,1
MDA,Moldova,Europe,A02a,1
MDA,Moldova,Europe,A03a,1
MDA,Moldova,Europe,A03b,3
MDA,Moldova,Europe,A04,2
MDA,Moldova,Europe,A05,2
MDA,Moldova,Europe,A06,1
MDA,Moldova,Europe,A06a,3
MDA,Moldova,Europe,A06c,2
MDA,Moldova,Europe,A06d,2
MDA,Moldova,Europe,A06e,1
MDA,Moldova,Europe,A06f,1
MDA,Moldova,Europe,A07,2
MDA,Moldova,Europe,A08,2
MDA,Moldova,Europe,A09,2
MDA,Moldova,Europe,A10,2
MDA,Moldova,Europe,A11,2
MDA,Moldova,Europe,A13,2
MDA,Moldova,Europe,A14,2
MDA,Moldova,Europe,A16,2
MDA,Moldova,Europe,A22,1
MDA,Moldova,Europe,A23,1
MDA,Moldova,Europe,A24,1
MDG,Madagascar,Africa,A01a,1
MDG,Madagascar,Africa,A01b,1
MDG,Madagascar,Africa,A03a,3
MDG,Madagascar,Africa,A04,2
MDG,Madagascar,Africa,A06,1
MDG,Madagascar,Africa,A06a,2
MDG,Madagascar,Africa,A06c,2
MDG,Madagascar,Africa,A06d,1
MDG,Madagascar,Africa,A06e,3
MDG,Madagascar,Africa,A08,3
MDG,Madagascar,Africa,A10,2
MDG,Madagascar,Africa,A13,3
MDG,Madagascar,Africa,A14,2
MDG,Madagascar,Africa,A16,2
MDG,Madagascar,Africa,A24,1
MEX,Mexico,Americas,A01b,6
MEX,Mexico,Americas,A02a,1
MEX,Mexico,Americas,A03a,1
MEX,Mexico,Americas,A06,1
MEX,Mexico,Americas,A06a,2
MEX,Mexico,Americas,A06b,1
MEX,Mexico,Americas,A06c,2
MEX,Mexico,Americas,A06d,1
MEX,Mexico,Americas,A06e,1
MEX,Mexico,Americas,A08,1
MEX,Mexico,Americas,A10,1
MEX,Mexico,Americas,A11,1
MEX,Mexico,Americas,A16,2
MEX,Mexico,Americas,A18,2
MEX,Mexico,Americas,A22,1
MEX,Mexico,Americas,A24,1
MHL,Marshall Islands,Oceania,A01a,1
MHL,Marshall Islands,Oceania,A01b,1
MHL,Marshall Islands,Oceania,A03b,1
MHL,Marshall Islands,Oceania,A06,1
MHL,Marshall Islands,Oceania,A06a,3
MHL,Marshall Islands,Oceania,A06b,3
MHL,Marshall Islands,Oceania,A06c,3
MHL,Marshall Islands,Oceania,A06d,2
MHL,Marshall Islands,Oceania,A06e,3
MHL,Marshall Islands,Oceania,A06f,1
MHL,Marshall Islands,Oceania,A10,1
MHL,Marshall Islands,Oceania,A11,2
MHL,Marshall Islands,Oceania,A14,1
MHL,Marshall Islands,Oceania,A18,1
MHL,Marshall Islands,Oceania,A24,1
MKD,Macedonia,Europe,A01a,2
MKD,Macedonia,Europe,A01b,2
MKD,Macedonia,Europe,A03a,1
MKD,Macedonia,Europe,A03b,3
MKD,Macedonia,Europe,A06,1
MKD,Macedonia,Europe,A06a,3
MKD,Macedonia,Europe,A06b,3
MKD,Macedonia,Europe,A06c,2
MKD,Macedonia,Europe,A06d,1
MKD,Macedonia,Europe,A06e,1
MKD,Macedonia,Europe,A06f,1
MKD,Macedonia,Europe,A08,2
MKD,Macedonia,Europe,A10,2
MKD,Macedonia,Europe,A12a,1
MKD,Macedonia,Europe,A14,2
MKD,Macedonia,Europe,A16,1
MKD,Macedonia,Europe,A22,1
MKD,Macedonia,Europe,A23,1
MKD,Macedonia,Europe,A24,1
MKD,Macedonia,Europe,A26,1
MLI,Mali,Africa,A01a,1
MLI,Mali,Africa,A01b,1
MLI,Mali,Africa,A02b,4
MLI,Mali,Africa,A03a,1
MLI,Mali,Africa,A04,1
MLI,Mali,Africa,A05,2
MLI,Mali,Africa,A06,1
MLI,Mali,Africa,A06a,3
MLI,Mali,Africa,A06c,1
MLI,Mali,Africa,A06d,1
MLI,Mali,Africa,A06e,2
MLI,Mali,Africa,A08,1
MLI,Mali,Africa,A14,2
MLI,Mali,Africa,A16,1
MLT,Malta,Europe,A01a,3
MLT,Malta,Europe,A01b,3
MLT,Malta,Europe,A03a,2
MLT,Malta,Europe,A03b,2
MLT,Malta,Europe,A06,1
MLT,Malta,Europe,A06a,3
MLT,Malta,Europe,A06c,2
MLT,Malta,Europe,A06e,3
MLT,Malta,Europe,A08,2
MLT,Malta,Europe,A10,2
MLT,Malta,Europe,A12a,1
MLT,Malta,Europe,A12b,3
MLT,Malta,Europe,A16,2
MLT,Malta,Europe,A24,1
MLT,Malta,Europe,A26,1
MMR,Myanmar,Asia,A01a,2
MMR,Myanmar,Asia,A01b,2
MMR,Myanmar,Asia,A06a,99
MMR,Myanmar,Asia,A06b,99
MMR,Myanmar,Asia,A06c,99
MMR,Myanmar,Asia,A06d,99
MMR,Myanmar,Asia,A06e,99
MMR,Myanmar,Asia,A06f,99
MMR,Myanmar,Asia,A08,2
MMR,Myanmar,Asia,A14,1
MNE,Montenegro,Europe,A01a,1
MNE,Montenegro,Europe,A01b,2
MNE,Montenegro,Europe,A03a,1
MNE,Montenegro,Europe,A03b,3
MNE,Montenegro,Europe,A06,1
MNE,Montenegro,Europe,A06a,3
MNE,Montenegro,Europe,A06b,3
MNE,Montenegro,Europe,A06c,2
MNE,Montenegro,Europe,A06e,3
MNE,Montenegro,Europe,A06f,1
MNE,Montenegro,Europe,A07,2
MNE,Montenegro,Europe,A08,2
MNE,Montenegro,Europe,A09,2
MNE,Montenegro,Europe,A10,1
MNE,Montenegro,Europe,A12a,1
MNE,Montenegro,Europe,A14,2
MNE,Montenegro,Europe,A16,2
MNE,Montenegro,Europe,A22,1
MNE,Montenegro,Europe,A23,1
MNE,Montenegro,Europe,A24,1
MNE,Montenegro,Europe,A26,1
MNG,Mongolia,Asia,A01a,1
MNG,Mongolia,Asia,A01b,2
MNG,Mongolia,Asia,A03a,1
MNG,Mongolia,Asia,A03b,3
MNG,Mongolia,Asia,A06,1
MNG,Mongolia,Asia,A06a,2
MNG,Mongolia,Asia,A06b,3
MNG,Mongolia,Asia,A06c,2
MNG,Mongolia,Asia,A06d,1
MNG,Mongolia,Asia,A06e,2
MNG,Mongolia,Asia,A06f,1
MNG,Mongolia,Asia,A14,2
MNG,Mongolia,Asia,A16,2
MNG,Mongolia,Asia,A24,1
MOZ,Mozambique,Africa,A01b,6
MOZ,Mozambique,Africa,A02a,1
MOZ,Mozambique,Africa,A02b,1
MOZ,Mozambique,Africa,A03b,3
MOZ,Mozambique,Africa,A06,1
MOZ,Mozambique,Africa,A06a,3
MOZ,Mozambique,Africa,A06c,2
MOZ,Mozambique,Africa,A06e,3
MOZ,Mozambique,Africa,A06f,1
MOZ,Mozambique,Africa,A08,1
MOZ,Mozambique,Africa,A10,1
MOZ,Mozambique,Africa,A14,2
MOZ,Mozambique,Africa,A16,2
MOZ,Mozambique,Africa,A24,1
MRT,Mauritania,Africa,A01a,1
MRT,Mauritania,Africa,A01b,4
MRT,Mauritania,Africa,A03a,1
MRT,Mauritania,Africa,A05,1
MRT,Mauritania,Africa,A06,1
MRT,Mauritania,Africa,A06a,3
MRT,Mauritania,Africa,A06c,2
MRT,Mauritania,Africa,A06e,3
MRT,Mauritania,Africa,A06f,1
MRT,Mauritania,Africa,A08,6
MRT,Mauritania,Africa,A12a,1
MRT,Mauritania,Africa,A24,1
MUS,Mauritius,Africa,A01a,1
MUS,Mauritius,Africa,A01b,6
MUS,Mauritius,Africa,A03a,2
MUS,Mauritius,Africa,A06,1
MUS,Mauritius,Africa,A06a,2
MUS,Mauritius,Africa,A06b,3
MUS,Mauritius,Africa,A06c,2
MUS,Mauritius,Africa,A06d,1
MUS,Mauritius,Africa,A06e,3
MUS,Mauritius,Africa,A08,2
MUS,Mauritius,Africa,A09,2
MUS,Mauritius,Africa,A10,2
MUS,Mauritius,Africa,A13,4
MUS,Mauritius,Africa,A16,2
MUS,Mauritius,Africa,A26,1
MWI,Malawi,Africa,A01a,1
MWI,Malawi,Africa,A01b,1
MWI,Malawi,Africa,A03b,2
MWI,Malawi,Africa,A06,1
MWI,Malawi,Africa,A06a,3
MWI,Malawi,Africa,A06b,3
MWI,Malawi,Africa,A06c,2
MWI,Malawi,Africa,A06e,3
MWI,Malawi,Africa,A06f,1
MWI,Malawi,Africa,A08,4
MWI,Malawi,Africa,A09,2
MWI,Malawi,Africa,A12b,3
MWI,Malawi,Africa,A16,1
MWI,Malawi,Africa,A19,1
MWI,Malawi,Africa,A24,1
MYS,Malaysia,Asia,A01a,3
MYS,Malaysia,Asia,A01b,1
MYS,Malaysia,Asia,A02a,2
MYS,Malaysia,Asia,A03a,1
MYS,Malaysia,Asia,A03b,1
MYS,Malaysia,Asia,A06,1
MYS,Malaysia,Asia,A06a,3
MYS,Malaysia,Asia,A06c,2
MYS,Malaysia,Asia,A06e,3
MYS,Malaysia,Asia,A08,4
MYS,Malaysia,Asia,A09,1
"NAM",Namibia,Africa,A01a,1
"NAM",Namibia,Africa,A01b,1
"NAM",Namibia,Africa,A02a,2
"NAM",Namibia,Africa,A03b,2
"NAM",Namibia,Africa,A06,1
"NAM",Namibia,Africa,A06a,3
"NAM",Namibia,Africa,A06b,3
"NAM",Namibia,Africa,A06d,1
"NAM",Namibia,Africa,A06e,2
"NAM",Namibia,Africa,A08,1
"NAM",Namibia,Africa,A10,2
"NAM",Namibia,Africa,A14,2
"NAM",Namibia,Africa,A16,1
"NAM",Namibia,Africa,A24,1
NER,Niger,Africa,A01a,1
NER,Niger,Africa,A01b,1
NER,Niger,Africa,A02b,1
NER,Niger,Africa,A03a,1
NER,Niger,Africa,A04,1
NER,Niger,Africa,A06,1
NER,Niger,Africa,A06a,3
NER,Niger,Africa,A06e,3
NER,Niger,Africa,A08,2
NER,Niger,Africa,A14,2
NER,Niger,Africa,A16,2
NER,Niger,Africa,A24,1
NGA,Nigeria,Africa,A01a,1
NGA,Nigeria,Africa,A01b,1
NGA,Nigeria,Africa,A06,1
NGA,Nigeria,Africa,A06a,4
NGA,Nigeria,Africa,A06d,1
NGA,Nigeria,Africa,A06e,3
NGA,Nigeria,Africa,A06f,1
NGA,Nigeria,Africa,A08,4
NGA,Nigeria,Africa,A11,3
NIC,Nicaragua,Americas,A01a,1
NIC,Nicaragua,Americas,A01b,1
NIC,Nicaragua,Americas,A02a,1
NIC,Nicaragua,Americas,A03a,2
NIC,Nicaragua,Americas,A06,1
NIC,Nicaragua,Americas,A06a,1
NIC,Nicaragua,Americas,A06b,2
NIC,Nicaragua,Americas,A06c,3
NIC,Nicaragua,Americas,A06e,1
NIC,Nicaragua,Americas,A08,1
NIC,Nicaragua,Americas,A11,2
NIC,Nicaragua,Americas,A12a,1
NIC,Nicaragua,Americas,A14,2
NIC,Nicaragua,Americas,A16,2
NIC,Nicaragua,Americas,A18,2
NIC,Nicaragua,Americas,A24,1
NLD,Netherlands,Europe,A01a,1
NLD,Netherlands,Europe,A01b,1
NLD,Netherlands,Europe,A02b,3
NLD,Netherlands,Europe,A03a,1
NLD,Netherlands,Europe,A03b,2
NLD,Netherlands,Europe,A04,2
NLD,Netherlands,Europe,A05,2
NLD,Netherlands,Europe,A06,1
NLD,Netherlands,Europe,A06a,2
NLD,Netherlands,Europe,A06b,2
NLD,Netherlands,Europe,A06c,3
NLD,Netherlands,Europe,A06d,2
NLD,Netherlands,Europe,A06e,1
NLD,Netherlands,Europe,A07,2
NLD,Netherlands,Europe,A08,1
NLD,Netherlands,Europe,A09,2
NLD,Netherlands,Europe,A10,2
NLD,Netherlands,Europe,A14,2
NLD,Netherlands,Europe,A16,1
NLD,Netherlands,Europe,A21,1
NLD,Netherlands,Europe,A22,1
NLD,Netherlands,Europe,A23,1
NLD,Netherlands,Europe,A24,1
NOR,Norway,Europe,A01a,1
NOR,Norway,Europe,A01b,1
NOR,Norway,Europe,A03a,1
NOR,Norway,Europe,A03b,1
NOR,Norway,Europe,A06,1
NOR,Norway,Europe,A06a,3
NOR,Norway,Europe,A06c,3
NOR,Norway,Europe,A06d,2
NOR,Norway,Europe,A06e,2
NOR,Norway,Europe,A07,2
NOR,Norway,Europe,A08,2
NOR,Norway,Europe,A09,2
NOR,Norway,Europe,A10,2
NOR,Norway,Europe,A14,2
NOR,Norway,Europe,A16,1
NOR,Norway,Europe,A18,2
NOR,Norway,Europe,A19,1
NOR,Norway,Europe,A23,1
NPL,Nepal,Asia,A01a,4
NPL,Nepal,Asia,A01b,4
NPL,Nepal,Asia,A03a,1
NPL,Nepal,Asia,A06a,99
NPL,Nepal,Asia,A06b,99
NPL,Nepal,Asia,A06c,99
NPL,Nepal,Asia,A06d,99
NPL,Nepal,Asia,A06e,99
NPL,Nepal,Asia,A06f,99
NPL,Nepal,Asia,A08,3
NPL,Nepal,Asia,A09,1
NPL,Nepal,Asia,A16,2
NPL,Nepal,Asia,A24,1
NRU,Nauru,Oceania,A01a,1
NRU,Nauru,Oceania,A01b,1
NRU,Nauru,Oceania,A03b,1
NRU,Nauru,Oceania,A05,2
NRU,Nauru,Oceania,A06a,99
NRU,Nauru,Oceania,A06b,99
NRU,Nauru,Oceania,A06c,99
NRU,Nauru,Oceania,A06d,99
NRU,Nauru,Oceania,A06e,99
NRU,Nauru,Oceania,A06f,99
NRU,Nauru,Oceania,A08,2
NRU,Nauru,Oceania,A10,2
NRU,Nauru,Oceania,A12a,1
NRU,Nauru,Oceania,A14,1
NRU,Nauru,Oceania,A16,2
NRU,Nauru,Oceania,A19,1
NZL,New Zealand,Oceania,A01a,1
NZL,New Zealand,Oceania,A01b,6
NZL,New Zealand,Oceania,A03a,2
NZL,New Zealand,Oceania,A03b,1
NZL,New Zealand,Oceania,A06,1
NZL,New Zealand,Oceania,A06a,2
NZL,New Zealand,Oceania,A06c,2
NZL,New Zealand,Oceania,A06d,1
NZL,New Zealand,Oceania,A06e,1
NZL,New Zealand,Oceania,A16,2
NZL,New Zealand,Oceania,A18,1
NZL,New Zealand,Oceania,A23,1
NZL,New Zealand,Oceania,A24,1
NZL,New Zealand,Oceania,A25,3
OMN,Oman,Asia,A01a,4
OMN,Oman,Asia,A01b,4
OMN,Oman,Asia,A03a,1
OMN,Oman,Asia,A06,1
OMN,Oman,Asia,A06a,3
OMN,Oman,Asia,A06b,3
OMN,Oman,Asia,A06c,2
OMN,Oman,Asia,A06e,2
OMN,Oman,Asia,A06f,1
OMN,Oman,Asia,A08,6
OMN,Oman,Asia,A12b,3
OMN,Oman,Asia,A13,4
OMN,Oman,Asia,A16,2
PAK,Pakistan,Asia,A01a,1
PAK,Pakistan,Asia,A01b,1
PAK,Pakistan,Asia,A02a,1
PAK,Pakistan,Asia,A06,1
PAK,Pakistan,Asia,A06a,2
PAK,Pakistan,Asia,A06b,3
PAK,Pakistan,Asia,A06c,2
PAK,Pakistan,Asia,A06e,3
PAK,Pakistan,Asia,A08,3
PAK,Pakistan,Asia,A12b,3
PAK,Pakistan,Asia,A13,4
PAK,Pakistan,Asia,A14,2
PAK,Pakistan,Asia,A16,1
PAK,Pakistan,Asia,A26,1
PAN,Panama,Americas,A01b,6
PAN,Panama,Americas,A02a,1
PAN,Panama,Americas,A03a,1
PAN,Panama,Americas,A06,1
PAN,Panama,Americas,A06a,2
PAN,Panama,Americas,A06b,1
PAN,Panama,Americas,A06c,2
PAN,Panama,Americas,A06d,1
PAN,Panama,Americas,A06e,3
PAN,Panama,Americas,A08,1
PAN,Panama,Americas,A10,2
PAN,Panama,Americas,A18,2
PER,Peru,Americas,A01b,6
PER,Peru,Americas,A02a,1
PER,Peru,Americas,A03a,1
PER,Peru,Americas,A06,1
PER,Peru,Americas,A06a,1
PER,Peru,Americas,A06e,3
PER,Peru,Americas,A06f,1
PER,Peru,Americas,A07,2
PER,Peru,Americas,A08,2
PER,Peru,Americas,A16,2
PER,Peru,Americas,A24,1
PHL,Philippines,Asia,A01a,1
PHL,Philippines,Asia,A01b,1
PHL,Philippines,Asia,A05,2
PHL,Philippines,Asia,A06,1
PHL,Philippines,Asia,A06a,3
PHL,Philippines,Asia,A06c,2
PHL,Philippines,Asia,A06d,1
PHL,Philippines,Asia,A06e,2
PHL,Philippines,Asia,A06f,1
PHL,Philippines,Asia,A07,3
PHL,Philippines,Asia,A08,5
PHL,Philippines,Asia,A12b,1
PHL,Philippines,Asia,A13,3
PHL,Philippines,Asia,A14,2
PHL,Philippines,Asia,A16,2
PHL,Philippines,Asia,A21,1
PHL,Philippines,Asia,A24,1
PHL,Philippines,Asia,A25,3
PLW,Palau,Oceania,A01a,1
PLW,Palau,Oceania,A01b,1
PLW,Palau,Oceania,A06a,99
PLW,Palau,Oceania,A06b,99
PLW,Palau,Oceania,A06c,99
PLW,Palau,Oceania,A06d,99
PLW,Palau,Oceania,A06e,99
PLW,Palau,Oceania,A06f,99
PLW,Palau,Oceania,A18,1
PLW,Palau,Oceania,A19,1
PNG,Papua New Guinea,Oceania,A01a,1
PNG,Papua New Guinea,Oceania,A01b,1
PNG,Papua New Guinea,Oceania,A03a,1
PNG,Papua New Guinea,Oceania,A06,1
PNG,Papua New Guinea,Oceania,A06a,3
PNG,Papua New Guinea,Oceania,A06b,3
PNG,Papua New Guinea,Oceania,A06c,2
PNG,Papua New Guinea,Oceania,A06d,1
PNG,Papua New Guinea,Oceania,A06e,3
PNG,Papua New Guinea,Oceania,A06f,1
PNG,Papua New Guinea,Oceania,A08,2
PNG,Papua New Guinea,Oceania,A09,1
PNG,Papua New Guinea,Oceania,A10,1
PNG,Papua New Guinea,Oceania,A11,3
PNG,Papua New Guinea,Oceania,A14,1
PNG,Papua New Guinea,Oceania,A16,2
PNG,Papua New Guinea,Oceania,A24,1
POL,Poland,Europe,A01a,1
POL,Poland,Europe,A01b,1
POL,Poland,Europe,A03a,1
POL,Poland,Europe,A03b,1
POL,Poland,Europe,A04,3
POL,Poland,Europe,A06,1
POL,Poland,Europe,A06a,1
POL,Poland,Europe,A06c,3
POL,Poland,Europe,A06e,1
POL,Poland,Europe,A06f,1
POL,Poland,Europe,A10,2
POL,Poland,Europe,A16,2
POL,Poland,Europe,A19,1
POL,Poland,Europe,A22,1
POL,Poland,Europe,A23,1
PRK,North Korea,Asia,A01a,1
PRK,North Korea,Asia,A01b,2
PRK,North Korea,Asia,A03a,1
PRK,North Korea,Asia,A03b,3
PRK,North Korea,Asia,A06a,99
PRK,North Korea,Asia,A06b,99
PRK,North Korea,Asia,A06c,99
PRK,North Korea,Asia,A06d,99
PRK,North Korea,Asia,A06e,99
PRK,North Korea,Asia,A06f,99
PRK,North Korea,Asia,A14,2
PRK,North Korea,Asia,A24,1
PRT,Portugal,Europe,A01a,1
PRT,Portugal,Europe,A01b,1
PRT,Portugal,Europe,A02a,2
PRT,Portugal,Europe,A02b,3
PRT,Portugal,Europe,A03a,2
PRT,Portugal,Europe,A03b,1
PRT,Portugal,Europe,A04,1
PRT,Portugal,Europe,A05,1
PRT,Portugal,Europe,A06,1
PRT,Portugal,Europe,A06a,2
PRT,Portugal,Europe,A06c,2
PRT,Portugal,Europe,A06d,1
PRT,Portugal,Europe,A06e,1
PRT,Portugal,Europe,A07,1
PRT,Portugal,Europe,A08,1
PRT,Portugal,Europe,A10,2
PRT,Portugal,Europe,A11,1
PRT,Portugal,Europe,A14,2
PRT,Portugal,Europe,A16,1
PRT,Portugal,Europe,A19,1
PRT,Portugal,Europe,A24,1
PRY,Paraguay,Americas,A01b,6
PRY,Paraguay,Americas,A02a,1
PRY,Paraguay,Americas,A03a,2
PRY,Paraguay,Americas,A06,1
PRY,Paraguay,Americas,A06a,1
PRY,Paraguay,Americas,A06c,2
PRY,Paraguay,Americas,A06d,1
PRY,Paraguay,Americas,A06e,3
PRY,Paraguay,Americas,A06f,1
PRY,Paraguay,Americas,A23,2
PRY,Paraguay,Americas,A24,1
QAT,Qatar,Asia,A01a,4
QAT,Qatar,Asia,A01b,4
QAT,Qatar,Asia,A03a,1
QAT,Qatar,Asia,A06,1
QAT,Qatar,Asia,A06a,4
QAT,Qatar,Asia,A06b,3
QAT,Qatar,Asia,A06c,2
QAT,Qatar,Asia,A06e,3
QAT,Qatar,Asia,A06f,1
QAT,Qatar,Asia,A08,3
QAT,Qatar,Asia,A09,2
QAT,Qatar,Asia,A12a,1
QAT,Qatar,Asia,A13,4
QAT,Qatar,Asia,A14,2
QAT,Qatar,Asia,A16,2
QAT,Qatar,Asia,A24,1
ROU,Romania,Europe,A01a,1
ROU,Romania,Europe,A01b,1
ROU,Romania,Europe,A03a,1
ROU,Romania,Europe,A05,2
ROU,Romania,Europe,A06,1
ROU,Romania,Europe,A06a,3
ROU,Romania,Europe,A06c,2
ROU,Romania,Europe,A06d,1
ROU,Romania,Europe,A06e,3
ROU,Romania,Europe,A06f,1
ROU,Romania,Europe,A08,2
ROU,Romania,Europe,A10,1
ROU,Romania,Europe,A12a,1
ROU,Romania,Europe,A14,2
ROU,Romania,Europe,A16,1
ROU,Romania,Europe,A18,2
ROU,Romania,Europe,A22,1
ROU,Romania,Europe,A24,1
ROU,Romania,Europe,A26,1
RUS,Russia,Europe,A01a,1
RUS,Russia,Europe,A01b,1
RUS,Russia,Europe,A03a,2
RUS,Russia,Europe,A03b,1
RUS,Russia,Europe,A06,1
RUS,Russia,Europe,A06a,2
RUS,Russia,Europe,A06b,2
RUS,Russia,Europe,A06c,2
RUS,Russia,Europe,A06d,1
RUS,Russia,Europe,A06e,1
RUS,Russia,Europe,A08,2
RUS,Russia,Europe,A09,1
RUS,Russia,Europe,A10,2
RUS,Russia,Europe,A11,2
RUS,Russia,Europe,A14,2
RUS,Russia,Europe,A16,1
RUS,Russia,Europe,A18,1
RUS,Russia,Europe,A19,1
RUS,Russia,Europe,A20,1
RUS,Russia,Europe,A22,1
RUS,Russia,Europe,A23,2
RUS,Russia,Europe,A24,1
RUS,Russia,Europe,A25,2
RUS,Russia,Europe,A26,1
RWA,Rwanda,Africa,A01a,1
RWA,Rwanda,Africa,A01b,1
RWA,Rwanda,Africa,A03a,1
RWA,Rwanda,Africa,A03b,1
RWA,Rwanda,Africa,A05,1
RWA,Rwanda,Africa,A06,1
RWA,Rwanda,Africa,A06a,2
RWA,Rwanda,Africa,A06d,1
RWA,Rwanda,Africa,A06e,2
RWA,Rwanda,Africa,A06f,1
RWA,Rwanda,Africa,A08,1
RWA,Rwanda,Africa,A10,2
RWA,Rwanda,Africa,A16,2
RWA,Rwanda,Africa,A19,1
RWA,Rwanda,Africa,A24,1
SAU,Saudi Arabia,Asia,A01a,4
SAU,Saudi Arabia,Asia,A01b,4
SAU,Saudi Arabia,Asia,A03a,1
SAU,Saudi Arabia,Asia,A06,1
SAU,Saudi Arabia,Asia,A06a,2
SAU,Saudi Arabia,Asia,A06b,3
SAU,Saudi Arabia,Asia,A06c,2
SAU,Saudi Arabia,Asia,A06e,2
SAU,Saudi Arabia,Asia,A06f,1
SAU,Saudi Arabia,Asia,A08,3
SAU,Saudi Arabia,Asia,A13,3
SAU,Saudi Arabia,Asia,A14,2
SAU,Saudi Arabia,Asia,A16,2
SDN,Sudan,Africa,A01a,4
SDN,Sudan,Africa,A01b,1
SDN,Sudan,Africa,A03a,1
SDN,Sudan,Africa,A06,1
SDN,Sudan,Africa,A06a,3
SDN,Sudan,Africa,A06e,2
SDN,Sudan,Africa,A06f,1
SDN,Sudan,Africa,A08,2
SDN,Sudan,Africa,A14,2
SDN,Sudan,Africa,A16,1
SEN,Senegal,Africa,A01a,1
SEN,Senegal,Africa,A01b,1
SEN,Senegal,Africa,A02b,1
SEN,Senegal,Africa,A03a,1
SEN,Senegal,Africa,A06,1
SEN,Senegal,Africa,A06a,2
SEN,Senegal,Africa,A06e,2
SEN,Senegal,Africa,A06f,1
SEN,Senegal,Africa,A08,1
SEN,Senegal,Africa,A10,2
SEN,Senegal,Africa,A14,2
SEN,Senegal,Africa,A20,1
SEN,Senegal,Africa,A24,1
SEN,Senegal,Africa,A25,3
SGP,Singapore,Asia,A01a,1
SGP,Singapore,Asia,A01b,6
SGP,Singapore,Asia,A03a,2
SGP,Singapore,Asia,A03b,1
SGP,Singapore,Asia,A06,1
SGP,Singapore,Asia,A06a,3
SGP,Singapore,Asia,A06b,3
SGP,Singapore,Asia,A06c,2
SGP,Singapore,Asia,A06e,3
SGP,Singapore,Asia,A08,4
SGP,Singapore,Asia,A09,2
SGP,Singapore,Asia,A10,2
SGP,Singapore,Asia,A12a,1
SGP,Singapore,Asia,A26,1
SLB,Solomon Islands,Oceania,A01a,1
SLB,Solomon Islands,Oceania,A01b,1
SLB,Solomon Islands,Oceania,A06,1
SLB,Solomon Islands,Oceania,A06a,2
SLB,Solomon Islands,Oceania,A06c,2
SLB,Solomon Islands,Oceania,A06d,1
SLB,Solomon Islands,Oceania,A06e,3
SLB,Solomon Islands,Oceania,A08,1
SLB,Solomon Islands,Oceania,A11,1
SLB,Solomon Islands,Oceania,A14,1
SLB,Solomon Islands,Oceania,A16,1
SLE,Sierra Leone,Africa,A01a,5
SLE,Sierra Leone,Africa,A01b,5
SLE,Sierra Leone,Africa,A02b,4
SLE,Sierra Leone,Africa,A05,3
SLE,Sierra Leone,Africa,A06,1
SLE,Sierra Leone,Africa,A06a,4
SLE,Sierra Leone,Africa,A06c,2
SLE,Sierra Leone,Africa,A06e,3
SLE,Sierra Leone,Africa,A06f,1
SLE,Sierra Leone,Africa,A08,3
SLE,Sierra Leone,Africa,A09,2
SLE,Sierra Leone,Africa,A12b,2
SLE,Sierra Leone,Africa,A16,2
SLE,Sierra Leone,Africa,A19,1
SLV,El Salvador,Americas,A01b,1
SLV,El Salvador,Americas,A02a,1
SLV,El Salvador,Americas,A06,1
SLV,El Salvador,Americas,A06a,2
SLV,El Salvador,Americas,A06e,3
SLV,El Salvador,Americas,A08,2
SLV,El Salvador,Americas,A16,1
SLV,El Salvador,Americas,A18,2
SLV,El Salvador,Americas,A22,1
SLV,El Salvador,Americas,A23,1
SLV,El Salvador,Americas,A24,1
SOM,Somalia,Africa,A01a,4
SOM,Somalia,Africa,A01b,4
SOM,Somalia,Africa,A03a,1
SOM,Somalia,Africa,A06,1
SOM,Somalia,Africa,A06a,3
SOM,Somalia,Africa,A06b,3
SOM,Somalia,Africa,A06e,3
SOM,Somalia,Africa,A08,3
SOM,Somalia,Africa,A13,3
SOM,Somalia,Africa,A14,2
SOM,Somalia,Africa,A16,1
SOM,Somalia,Africa,A19,1
SOM,Somalia,Africa,A24,1
SRB,Serbia,Europe,A01a,1
SRB,Serbia,Europe,A01b,2
SRB,Serbia,Europe,A03a,1
SRB,Serbia,Europe,A03b,1
SRB,Serbia,Europe,A05,1
SRB,Serbia,Europe,A06,1
SRB,Serbia,Europe,A06a,1
SRB,Serbia,Europe,A06b,3
SRB,Serbia,Europe,A08,2
SRB,Serbia,Europe,A10,2
SRB,Serbia,Europe,A12a,1
SRB,Serbia,Europe,A13,2
SRB,Serbia,Europe,A14,2
SRB,Serbia,Europe,A16,1
SRB,Serbia,Europe,A19,1
SRB,Serbia,Europe,A22,1
SRB,Serbia,Europe,A24,1
SSD,South Sudan,Africa,A01a,1
SSD,South Sudan,Africa,A01b,1
SSD,South Sudan,Africa,A03a,2
SSD,South Sudan,Africa,A06,1
SSD,South Sudan,Africa,A06a,3
SSD,South Sudan,Africa,A06e,1
SSD,South Sudan,Africa,A08,2
SSD,South Sudan,Africa,A19,1
SSD,South Sudan,Africa,A21,1
SSD,South Sudan,Africa,A24,1
STP,Sao Tome and Principe,Africa,A01a,1
STP,Sao Tome and Principe,Africa,A01b,6
STP,Sao Tome and Principe,Africa,A02a,2
STP,Sao Tome and Principe,Africa,A03a,2
STP,Sao Tome and Principe,Africa,A03b,1
STP,Sao Tome and Principe,Africa,A06,1
STP,Sao Tome and Principe,Africa,A06a,2
STP,Sao Tome and Principe,Africa,A06c,2
STP,Sao Tome and Principe,Africa,A06d,1
STP,Sao Tome and Principe,Africa,A06e,1
STP,Sao Tome and Principe,Africa,A06f,1
STP,Sao Tome and Principe,Africa,A08,1
STP,Sao Tome and Principe,Africa,A10,1
STP,Sao Tome and Principe,Africa,A14,2
STP,Sao Tome and Principe,Africa,A16,2
STP,Sao Tome and Principe,Africa,A24,1
SUR,Suriname,Americas,A01a,1
SUR,Suriname,Americas,A01b,1
SUR,Suriname,Americas,A03a,1
SUR,Suriname,Americas,A03b,1
SUR,Suriname,Americas,A04,2
SUR,Suriname,Americas,A05,2
SUR,Suriname,Americas,A06,1
SUR,Suriname,Americas,A06a,2
SUR,Suriname,Americas,A07,2
SUR,Suriname,Americas,A08,2
SUR,Suriname,Americas,A10,2
SUR,Suriname,Americas,A14,2
SUR,Suriname,Americas,A16,2
SUR,Suriname,Americas,A19,1
SUR,Suriname,Americas,A24,1
SVK,Slovakia,Europe,A01a,1
SVK,Slovakia,Europe,A01b,1
SVK,Slovakia,Europe,A03a,1
SVK,Slovakia,Europe,A03b,1
SVK,Slovakia,Europe,A05,1
SVK,Slovakia,Europe,A06,1
SVK,Slovakia,Europe,A06a,3
SVK,Slovakia,Europe,A06c,2
SVK,Slovakia,Europe,A06e,2
SVK,Slovakia,Europe,A06f,1
SVK,Slovakia,Europe,A07,2
SVK,Slovakia,Europe,A08,2
SVK,Slovakia,Europe,A09,2
SVK,Slovakia,Europe,A10,2
SVK,Slovakia,Europe,A14,2
SVK,Slovakia,Europe,A16,2
SVK,Slovakia,Europe,A19,1
SVK,Slovakia,Europe,A22,1
SVK,Slovakia,Europe,A23,1
SVK,Slovakia,Europe,A24,1
SVK,Slovakia,Europe,A26,1
SVN,Slovenia,Europe,A01a,1
SVN,Slovenia,Europe,A01b,2
SVN,Slovenia,Europe,A03a,1
SVN,Slovenia,Europe,A03b,3
SVN,Slovenia,Europe,A05,2
SVN,Slovenia,Europe,A06,1
SVN,Slovenia,Europe,A06a,3
SVN,Slovenia,Europe,A06b,3
SVN,Slovenia,Europe,A06c,1
SVN,Slovenia,Europe,A06e,3
SVN,Slovenia,Europe,A06f,1
SVN,Slovenia,Europe,A07,3
SVN,Slovenia,Europe,A08,2
SVN,Slovenia,Europe,A10,2
SVN,Slovenia,Europe,A12a,1
SVN,Slovenia,Europe,A14,2
SVN,Slovenia,Europe,A22,1
SVN,Slovenia,Europe,A23,1
SVN,Slovenia,Europe,A24,1
SVN,Slovenia,Europe,A26,1
SWE,Sweden,Europe,A01a,1
SWE,Sweden,Europe,A01b,1
SWE,Sweden,Europe,A03a,1
SWE,Sweden,Europe,A03b,2
SWE,Sweden,Europe,A04,2
SWE,Sweden,Europe,A06,1
SWE,Sweden,Europe,A06a,2
SWE,Sweden,Europe,A06e,3
SWE,Sweden,Europe,A07,2
SWE,Sweden,Europe,A08,1
SWE,Sweden,Europe,A09,2
SWE,Sweden,Europe,A10,2
SWE,Sweden,Europe,A14,2
SWE,Sweden,Europe,A16,1
SWE,Sweden,Europe,A18,2
SWE,Sweden,Europe,A22,1
SWE,Sweden,Europe,A23,1
SWE,Sweden,Europe,A24,1
SWZ,Swaziland,Africa,A01a,4
SWZ,Swaziland,Africa,A01b,6
SWZ,Swaziland,Africa,A03a,2
SWZ,Swaziland,Africa,A06,1
SWZ,Swaziland,Africa,A06a,3
SWZ,Swaziland,Africa,A06c,2
SWZ,Swaziland,Africa,A06f,1
SWZ,Swaziland,Africa,A08,3
SWZ,Swaziland,Africa,A10,2
SWZ,Swaziland,Africa,A12b,2
SWZ,Swaziland,Africa,A19,1
SYC,Seychelles,Africa,A01a,1
SYC,Seychelles,Africa,A01b,1
SYC,Seychelles,Africa,A06a,99
SYC,Seychelles,Africa,A06b,99
SYC,Seychelles,Africa,A06c,99
SYC,Seychelles,Africa,A06d,99
SYC,Seychelles,Africa,A06e,99
SYC,Seychelles,Africa,A06f,99
SYC,Seychelles,Africa,A07,3
SYC,Seychelles,Africa,A08,2
SYC,Seychelles,Africa,A10,2
SYC,Seychelles,Africa,A16,2
SYC,Seychelles,Africa,A19,1
SYC,Seychelles,Africa,A24,1
SYC,Seychelles,Africa,A26,1
SYR,Syria,Asia,A01a,4
SYR,Syria,Asia,A01b,4
SYR,Syria,Asia,A03a,1
SYR,Syria,Asia,A03b,1
SYR,Syria,Asia,A06,1
SYR,Syria,Asia,A06a,2
SYR,Syria,Asia,A06c,2
SYR,Syria,Asia,A06e,2
SYR,Syria,Asia,A06f,1
SYR,Syria,Asia,A08,3
SYR,Syria,Asia,A09,1
SYR,Syria,Asia,A13,4
SYR,Syria,Asia,A14,2
SYR,Syria,Asia,A16,1
SYR,Syria,Asia,A18,2
SYR,Syria,Asia,A24,1
TCD,Chad,Africa,A01a,1
TCD,Chad,Africa,A01b,1
TCD,Chad,Africa,A02a,1
TCD,Chad,Africa,A03a,1
TCD,Chad,Africa,A03b,1
TCD,Chad,Africa,A06,1
TCD,Chad,Africa,A06a,4
TCD,Chad,Africa,A06e,1
TCD,Chad,Africa,A06f,1
TCD,Chad,Africa,A08,1
TCD,Chad,Africa,A10,2
TCD,Chad,Africa,A14,2
TCD,Chad,Africa,A16,2
TCD,Chad,Africa,A20,1
TCD,Chad,Africa,A24,1
TGO,Togo,Africa,A01a,1
TGO,Togo,Africa,A01b,1
TGO,Togo,Africa,A02b,2
TGO,Togo,Africa,A03a,2
TGO,Togo,Africa,A03b,1
TGO,Togo,Africa,A06,1
TGO,Togo,Africa,A06a,2
TGO,Togo,Africa,A06b,3
TGO,Togo,Africa,A06c,2
TGO,Togo,Africa,A06e,2
TGO,Togo,Africa,A06f,1
TGO,Togo,Africa,A08,6
TGO,Togo,Africa,A14,2
TGO,Togo,Africa,A16,2
TGO,Togo,Africa,A20,1
TGO,Togo,Africa,A23,1
TGO,Togo,Africa,A24,1
TJK,Tajikistan,Asia,A01a,1
TJK,Tajikistan,Asia,A01b,2
TJK,Tajikistan,Asia,A03a,1
TJK,Tajikistan,Asia,A03b,3
TJK,Tajikistan,Asia,A04,2
TJK,Tajikistan,Asia,A06,1
TJK,Tajikistan,Asia,A06a,2
TJK,Tajikistan,Asia,A06b,2
TJK,Tajikistan,Asia,A06c,2
TJK,Tajikistan,Asia,A06e,1
TJK,Tajikistan,Asia,A09,1
TJK,Tajikistan,Asia,A10,1
TJK,Tajikistan,Asia,A14,2
TJK,Tajikistan,Asia,A16,1
TJK,Tajikistan,Asia,A23,1
TJK,Tajikistan,Asia,A24,1
TKM,Turkmenistan,Asia,A01a,1
TKM,Turkmenistan,Asia,A01b,2
TKM,Turkmenistan,Asia,A03a,2
TKM,Turkmenistan,Asia,A03b,3
TKM,Turkmenistan,Asia,A04,2
TKM,Turkmenistan,Asia,A06,1
TKM,Turkmenistan,Asia,A06a,2
TKM,Turkmenistan,Asia,A06c,2
TKM,Turkmenistan,Asia,A06e,1
TKM,Turkmenistan,Asia,A06f,1
TKM,Turkmenistan,Asia,A10,2
TKM,Turkmenistan,Asia,A11,1
TKM,Turkmenistan,Asia,A14,2
TKM,Turkmenistan,Asia,A16,1
TKM,Turkmenistan,Asia,A19,1
TKM,Turkmenistan,Asia,A22,1
TKM,Turkmenistan,Asia,A24,1
TLS,East Timor,Asia,A01a,1
TLS,East Timor,Asia,A01b,1
TLS,East Timor,Asia,A02b,1
TLS,East Timor,Asia,A03a,1
TLS,East Timor,Asia,A03b,3
TLS,East Timor,Asia,A05,2
TLS,East Timor,Asia,A06,1
TLS,East Timor,Asia,A06a,3
TLS,East Timor,Asia,A06c,2
TLS,East Timor,Asia,A06d,1
TLS,East Timor,Asia,A06f,1
TLS,East Timor,Asia,A08,2
TLS,East Timor,Asia,A10,1
TLS,East Timor,Asia,A14,2
TLS,East Timor,Asia,A16,2
TLS,East Timor,Asia,A24,1
TON,Tonga,Oceania,A01a,1
TON,Tonga,Oceania,A01b,1
TON,Tonga,Oceania,A06,1
TON,Tonga,Oceania,A06a,2
TON,Tonga,Oceania,A06c,2
TON,Tonga,Oceania,A06e,3
TON,Tonga,Oceania,A08,1
TON,Tonga,Oceania,A14,2
TON,Tonga,Oceania,A16,1
TON,Tonga,Oceania,A26,1
TTO,Trinidad and Tobago,Americas,A01b,6
TTO,Trinidad and Tobago,Americas,A02a,1
TTO,Trinidad and Tobago,Americas,A04,1
TTO,Trinidad and Tobago,Americas,A06,1
TTO,Trinidad and Tobago,Americas,A06a,3
TTO,Trinidad and Tobago,Americas,A06c,2
TTO,Trinidad and Tobago,Americas,A06d,1
TTO,Trinidad and Tobago,Americas,A06e,3
TTO,Trinidad and Tobago,Americas,A07,2
TTO,Trinidad and Tobago,Americas,A10,2
TTO,Trinidad and Tobago,Americas,A12b,1
TTO,Trinidad and Tobago,Americas,A16,2
TTO,Trinidad and Tobago,Americas,A18,2
TUN,Tunisia,Africa,A01a,1
TUN,Tunisia,Africa,A01b,1
TUN,Tunisia,Africa,A02b,2
TUN,Tunisia,Africa,A03a,1
TUN,Tunisia,Africa,A03b,3
TUN,Tunisia,Africa,A06,1
TUN,Tunisia,Africa,A06a,2
TUN,Tunisia,Africa,A06c,2
TUN,Tunisia,Africa,A06e,2
TUN,Tunisia,Africa,A06f,1
TUN,Tunisia,Africa,A08,1
TUN,Tunisia,Africa,A10,2
TUN,Tunisia,Africa,A14,2
TUN,Tunisia,Africa,A16,1
TUN,Tunisia,Africa,A24,1
TUR,Turkey,Asia,A01a,3
TUR,Turkey,Asia,A01b,3
TUR,Turkey,Asia,A03a,1
TUR,Turkey,Asia,A03b,1
TUR,Turkey,Asia,A04,1
TUR,Turkey,Asia,A06,1
TUR,Turkey,Asia,A06a,2
TUR,Turkey,Asia,A06c,2
TUR,Turkey,Asia,A06e,3
TUR,Turkey,Asia,A06f,1
TUR,Turkey,Asia,A08,2
TUR,Turkey,Asia,A09,1
TUR,Turkey,Asia,A10,2
TUR,Turkey,Asia,A14,2
TUR,Turkey,Asia,A16,2
TUR,Turkey,Asia,A18,1
TUR,Turkey,Asia,A19,1
TUR,Turkey,Asia,A23,1
TUR,Turkey,Asia,A24,1
TUR,Turkey,Asia,A26,1
TUV,Tuvalu,Oceania,A01b,1
TUV,Tuvalu,Oceania,A02a,1
TUV,Tuvalu,Oceania,A03a,1
TUV,Tuvalu,Oceania,A06,1
TUV,Tuvalu,Oceania,A06a,3
TUV,Tuvalu,Oceania,A06d,1
TUV,Tuvalu,Oceania,A06e,3
TUV,Tuvalu,Oceania,A06f,1
TUV,Tuvalu,Oceania,A08,1
TUV,Tuvalu,Oceania,A10,1
TUV,Tuvalu,Oceania,A16,1
TUV,Tuvalu,Oceania,A25,3
TWN,Taiwan,Asia,A01a,1
TWN,Taiwan,Asia,A01b,1
TWN,Taiwan,Asia,A03a,1
TWN,Taiwan,Asia,A03b,3
TWN,Taiwan,Asia,A05,2
TWN,Taiwan,Asia,A06,1
TWN,Taiwan,Asia,A06a,2
TWN,Taiwan,Asia,A06b,2
TWN,Taiwan,Asia,A06c,2
TWN,Taiwan,Asia,A06d,1
TWN,Taiwan,Asia,A06e,2
TWN,Taiwan,Asia,A06f,1
TWN,Taiwan,Asia,A08,2
TWN,Taiwan,Asia,A09,1
TWN,Taiwan,Asia,A10,1
TWN,Taiwan,Asia,A11,2
TWN,Taiwan,Asia,A12b,1
TWN,Taiwan,Asia,A14,2
TWN,Taiwan,Asia,A16,2
TWN,Taiwan,Asia,A21,1
TWN,Taiwan,Asia,A24,1
TWN,Taiwan,Asia,A26,1
TZA,Tanzania,Africa,A01b,6
TZA,Tanzania,Africa,A02a,1
TZA,Tanzania,Africa,A06,1
TZA,Tanzania,Africa,A06a,3
TZA,Tanzania,Africa,A06b,3
TZA,Tanzania,Africa,A06c,2
TZA,Tanzania,Africa,A06e,3
TZA,Tanzania,Africa,A06f,1
TZA,Tanzania,Africa,A08,3
TZA,Tanzania,Africa,A09,2
TZA,Tanzania,Africa,A12b,2
TZA,Tanzania,Africa,A16,2
UGA,Uganda,Africa,A01a,5
UGA,Uganda,Africa,A01b,5
UGA,Uganda,Africa,A02a,3
UGA,Uganda,Africa,A03a,2
UGA,Uganda,Africa,A06,1
UGA,Uganda,Africa,A06a,3
UGA,Uganda,Africa,A06c,3
UGA,Uganda,Africa,A06e,3
UGA,Uganda,Africa,A08,1
UGA,Uganda,Africa,A10,2
UGA,Uganda,Africa,A12b,3
UGA,Uganda,Africa,A16,2
UGA,Uganda,Africa,A21,1
UKR,Ukraine,Europe,A01a,1
UKR,Ukraine,Europe,A01b,1
UKR,Ukraine,Europe,A03a,2
UKR,Ukraine,Europe,A03b,1
UKR,Ukraine,Europe,A04,1
UKR,Ukraine,Europe,A05,1
UKR,Ukraine,Europe,A06,1
UKR,Ukraine,Europe,A06a,2
UKR,Ukraine,Europe,A06b,3
UKR,Ukraine,Europe,A06c,2
UKR,Ukraine,Europe,A06d,1
UKR,Ukraine,Europe,A06e,1
UKR,Ukraine,Europe,A06f,1
UKR,Ukraine,Europe,A07,2
UKR,Ukraine,Europe,A08,1
UKR,Ukraine,Europe,A09,2
UKR,Ukraine,Europe,A10,2
UKR,Ukraine,Europe,A12b,2
UKR,Ukraine,Europe,A16,2
UKR,Ukraine,Europe,A19,1
UKR,Ukraine,Europe,A22,1
UKR,Ukraine,Europe,A23,1
UKR,Ukraine,Europe,A24,1
UKR,Ukraine,Europe,A25,2
URY,Uruguay,Americas,A01b,6
URY,Uruguay,Americas,A02a,1
URY,Uruguay,Americas,A06a,99
URY,Uruguay,Americas,A06b,99
URY,Uruguay,Americas,A06c,99
URY,Uruguay,Americas,A06d,99
URY,Uruguay,Americas,A06e,99
URY,Uruguay,Americas,A06f,99
USA,United States of America,Americas,A01b,6
USA,United States of America,Americas,A02a,1
USA,United States of America,Americas,A03a,2
USA,United States of America,Americas,A04,1
USA,United States of America,Americas,A06,1
USA,United States of America,Americas,A06a,2
USA,United States of America,Americas,A06c,3
USA,United States of America,Americas,A06d,2
USA,United States of America,Americas,A06e,3
USA,United States of America,Americas,A08,2
USA,United States of America,Americas,A10,2
USA,United States of America,Americas,A21,1
USA,United States of America,Americas,A25,2
UZB,Uzbekistan,Asia,A01a,1
UZB,Uzbekistan,Asia,A01b,2
UZB,Uzbekistan,Asia,A03a,1
UZB,Uzbekistan,Asia,A03b,3
UZB,Uzbekistan,Asia,A04,2
UZB,Uzbekistan,Asia,A06,1
UZB,Uzbekistan,Asia,A06a,2
UZB,Uzbekistan,Asia,A06b,3
UZB,Uzbekistan,Asia,A06e,1
UZB,Uzbekistan,Asia,A06f,1
UZB,Uzbekistan,Asia,A10,2
UZB,Uzbekistan,Asia,A14,2
UZB,Uzbekistan,Asia,A16,1
UZB,Uzbekistan,Asia,A24,1
VCT,Saint Vincent and the Grenadines,Americas,A01b,6
VCT,Saint Vincent and the Grenadines,Americas,A02a,1
VCT,Saint Vincent and the Grenadines,Americas,A04,1
VCT,Saint Vincent and the Grenadines,Americas,A06,1
VCT,Saint Vincent and the Grenadines,Americas,A06a,3
VCT,Saint Vincent and the Grenadines,Americas,A06b,3
VCT,Saint Vincent and the Grenadines,Americas,A06c,2
VCT,Saint Vincent and the Grenadines,Americas,A06d,1
VCT,Saint Vincent and the Grenadines,Americas,A06e,3
VCT,Saint Vincent and the Grenadines,Americas,A08,1
VCT,Saint Vincent and the Grenadines,Americas,A09,1
VCT,Saint Vincent and the Grenadines,Americas,A10,1
VCT,Saint Vincent and the Grenadines,Americas,A12b,1
VCT,Saint Vincent and the Grenadines,Americas,A13,1
VCT,Saint Vincent and the Grenadines,Americas,A16,2
VCT,Saint Vincent and the Grenadines,Americas,A18,2
VCT,Saint Vincent and the Grenadines,Americas,A22,1
VCT,Saint Vincent and the Grenadines,Americas,A23,1
VCT,Saint Vincent and the Grenadines,Americas,A24,1
VCT,Saint Vincent and the Grenadines,Americas,A25,1
VCT,Saint Vincent and the Grenadines,Americas,A26,1
VEN,Venezuela,Americas,A01b,6
VEN,Venezuela,Americas,A02a,1
VEN,Venezuela,Americas,A06,1
VEN,Venezuela,Americas,A06a,3
VEN,Venezuela,Americas,A08,1
VEN,Venezuela,Americas,A09,1
VEN,Venezuela,Americas,A16,2
VEN,Venezuela,Americas,A18,2
VEN,Venezuela,Americas,A22,1
VEN,Venezuela,Americas,A23,1
VEN,Venezuela,Americas,A24,1
VEN,Venezuela,Americas,A25,3
VNM,Vietnam,Asia,A01a,2
VNM,Vietnam,Asia,A01b,2
VNM,Vietnam,Asia,A03a,1
VNM,Vietnam,Asia,A03b,3
VNM,Vietnam,Asia,A06,1
VNM,Vietnam,Asia,A06a,2
VNM,Vietnam,Asia,A06b,3
VNM,Vietnam,Asia,A06c,2
VNM,Vietnam,Asia,A06d,1
VNM,Vietnam,Asia,A06f,1
VNM,Vietnam,Asia,A08,1
VNM,Vietnam,Asia,A09,1
VNM,Vietnam,Asia,A10,2
VNM,Vietnam,Asia,A11,2
VNM,Vietnam,Asia,A14,2
VNM,Vietnam,Asia,A16,2
VNM,Vietnam,Asia,A23,1
VNM,Vietnam,Asia,A24,1
VNM,Vietnam,Asia,A25,1
VUT,Vanuatu,Oceania,A01a,1
VUT,Vanuatu,Oceania,A01b,1
VUT,Vanuatu,Oceania,A06,1
VUT,Vanuatu,Oceania,A06a,3
VUT,Vanuatu,Oceania,A06b,3
VUT,Vanuatu,Oceania,A06c,3
VUT,Vanuatu,Oceania,A06d,2
VUT,Vanuatu,Oceania,A06e,2
VUT,Vanuatu,Oceania,A06f,1
VUT,Vanuatu,Oceania,A08,2
VUT,Vanuatu,Oceania,A10,2
VUT,Vanuatu,Oceania,A13,1
VUT,Vanuatu,Oceania,A14,1
VUT,Vanuatu,Oceania,A16,1
VUT,Vanuatu,Oceania,A24,1
VUT,Vanuatu,Oceania,A25,3
VUT,Vanuatu,Oceania,A26,1
WSM,Samoa,Oceania,A01a,1
WSM,Samoa,Oceania,A01b,6
WSM,Samoa,Oceania,A03b,1
WSM,Samoa,Oceania,A06,1
WSM,Samoa,Oceania,A06a,2
WSM,Samoa,Oceania,A06d,1
WSM,Samoa,Oceania,A06e,3
WSM,Samoa,Oceania,A06f,1
WSM,Samoa,Oceania,A08,2
WSM,Samoa,Oceania,A11,3
WSM,Samoa,Oceania,A26,1
XKX,Kosovo,Europe,A01a,1
XKX,Kosovo,Europe,A01b,2
XKX,Kosovo,Europe,A02a,2
XKX,Kosovo,Europe,A03a,1
XKX,Kosovo,Europe,A03b,1
XKX,Kosovo,Europe,A06,1
XKX,Kosovo,Europe,A06a,2
XKX,Kosovo,Europe,A06c,2
XKX,Kosovo,Europe,A06d,1
XKX,Kosovo,Europe,A06f,1
XKX,Kosovo,Europe,A08,2
XKX,Kosovo,Europe,A10,2
XKX,Kosovo,Europe,A12a,1
XKX,Kosovo,Europe,A13,2
XKX,Kosovo,Europe,A14,2
XKX,Kosovo,Europe,A16,2
XKX,Kosovo,Europe,A22,1
XKX,Kosovo,Europe,A23,1
XKX,Kosovo,Europe,A24,1
XKX,Kosovo,Europe,A26,1
YEM,Yemen,Asia,A01a,1
YEM,Yemen,Asia,A01b,1
YEM,Yemen,Asia,A02b,2
YEM,Yemen,Asia,A03a,1
YEM,Yemen,Asia,A05,1
YEM,Yemen,Asia,A06a,99
YEM,Yemen,Asia,A06b,99
YEM,Yemen,Asia,A06c,99
YEM,Yemen,Asia,A06d,99
YEM,Yemen,Asia,A06e,99
YEM,Yemen,Asia,A06f,99
YEM,Yemen,Asia,A08,3
YEM,Yemen,Asia,A13,3
YEM,Yemen,Asia,A14,2
YEM,Yemen,Asia,A16,2
YEM,Yemen,Asia,A19,1
YEM,Yemen,Asia,A24,1
ZAF,South Africa,Africa,A01a,1
ZAF,South Africa,Africa,A01b,1
ZAF,South Africa,Africa,A03b,1
ZAF,South Africa,Africa,A05,1
ZAF,South Africa,Africa,A06,1
ZAF,South Africa,Africa,A06a,2
ZAF,South Africa,Africa,A06c,2
ZAF,South Africa,Africa,A06d,1
ZAF,South Africa,Africa,A06e,3
ZAF,South Africa,Africa,A08,2
ZAF,South Africa,Africa,A10,1
ZAF,South Africa,Africa,A12b,3
ZAF,South Africa,Africa,A16,1
ZAF,South Africa,Africa,A24,1
ZMB,Zambia,Africa,A01a,1
ZMB,Zambia,Africa,A01b,1
ZMB,Zambia,Africa,A03a,2
ZMB,Zambia,Africa,A05,1
ZMB,Zambia,Africa,A06,1
ZMB,Zambia,Africa,A06a,3
ZMB,Zambia,Africa,A06e,1
ZMB,Zambia,Africa,A06f,1
ZMB,Zambia,Africa,A08,1
ZMB,Zambia,Africa,A10,2
ZMB,Zambia,Africa,A16,2
ZWE,Zimbabwe,Africa,A01a,1
ZWE,Zimbabwe,Africa,A01b,1
ZWE,Zimbabwe,Africa,A03a,2
ZWE,Zimbabwe,Africa,A06,1
ZWE,Zimbabwe,Africa,A06a,3
ZWE,Zimbabwe,Africa,A06b,3
ZWE,Zimbabwe,Africa,A06e,3
ZWE,Zimbabwe,Africa,A08,1
ZWE,Zimbabwe,Africa,A10,2
ZWE,Zimbabwe,Africa,A11,3
